pro_exception_no,pro_no,LocationID,pro_available_ind,pro_start_time,pro_end_time,pro_exception_date,pro_notes,pro_recur_enddate,pro_recur_pattern,recorded_date,recorded_by_computer,pro_recur_range,pro_recur_end_Occurence,pro_recur_daily_pattern,pro_recur_weekly_pattern,pro_recur_monthly_pattern,pro_recurs_every,pro_recur_month_day,pro_recur_day_type,pro_recur_day_month_type,pro_recur_weekly_day,pro_delete_ind,exceptionRecurrenceID
1,2,2,0,00:00:00,23:59:00,2011-08-31 00:00:00.000,"Wednesday,august 31",2011-08-31 00:00:00.000,0,NULL,NULL,0,1,0,0,0,0,0,0,0,0,0,NULL
2,8,2,1,13:45:00,19:00:00,2011-08-31 00:00:00.000,"Wednesday, February 16, 2011",2011-08-31 00:00:00.000,0,NULL,NULL,0,1,0,0,0,0,0,0,0,0,0,NULL
3,8,2,1,10:00:00,13:00:00,2011-08-31 00:00:00.000,"Wednesday, February 16, 2011",2011-08-31 00:00:00.000,0,NULL,NULL,0,1,0,0,0,0,0,0,0,0,0,NULL
4,8,2,0,13:00:00,13:45:00,2011-08-31 00:00:00.000,"Wednesday, February 16, 2011",2011-08-31 00:00:00.000,0,NULL,NULL,0,1,0,0,0,0,0,0,0,0,0,NULL
5,8,2,0,10:00:00,18:00:00,2011-06-04 00:00:00.000,"Wednesday, February 16, 2011",2011-06-04 00:00:00.000,0,NULL,NULL,0,1,0,0,0,0,0,0,0,0,0,NULL
6,8,2,0,09:00:00,10:00:00,2011-08-31 00:00:00.000,"Wednesday, February 16, 2011",2011-08-31 00:00:00.000,0,NULL,NULL,0,1,0,0,0,0,0,0,0,0,0,NULL
7,8,2,0,19:00:00,23:59:00,2011-08-31 00:00:00.000,"Wednesday, February 16, 2011",2011-08-31 00:00:00.000,0,NULL,NULL,0,1,0,0,0,0,0,0,0,0,0,NULL
8,8,2,0,08:00:00,08:15:00,2011-09-21 00:00:00.000,NULL,NULL,NULL,NULL,NULL,NULL,NULL,NULL,NULL,NULL,NULL,NULL,NULL,NULL,NULL,0,NULL
9,2,2,0,14:00:00,14:15:00,2011-11-03 00:00:00.000,glaucoma follow up,NULL,NULL,NULL,NULL,NULL,NULL,NULL,NULL,NULL,NULL,NULL,NULL,NULL,NULL,0,NULL
10,8,2,1,10:00:00,18:00:00,2011-12-21 00:00:00.000,NULL,NULL,NULL,NULL,NULL,NULL,NULL,NULL,NULL,NULL,NULL,NULL,NULL,NULL,NULL,0,NULL
11,8,2,1,10:00:00,10:15:00,2011-12-21 00:00:00.000,NULL,NULL,NULL,NULL,NULL,NULL,NULL,NULL,NULL,NULL,NULL,NULL,NULL,NULL,NULL,0,NULL
12,8,2,0,08:00:00,10:00:00,2011-12-21 00:00:00.000,NULL,NULL,NULL,NULL,NULL,NULL,NULL,NULL,NULL,NULL,NULL,NULL,NULL,NULL,NULL,0,NULL
13,8,2,0,05:00:00,10:00:00,2011-12-21 00:00:00.000,NULL,NULL,NULL,NULL,NULL,NULL,NULL,NULL,NULL,NULL,NULL,NULL,NULL,NULL,NULL,0,NULL
14,8,2,0,11:00:00,11:15:00,2011-12-21 00:00:00.000,NULL,NULL,NULL,NULL,NULL,NULL,NULL,NULL,NULL,NULL,NULL,NULL,NULL,NULL,NULL,0,NULL
15,8,2,1,10:00:00,10:15:00,2011-12-21 00:00:00.000,extra day,NULL,NULL,NULL,NULL,NULL,NULL,NULL,NULL,NULL,NULL,NULL,NULL,NULL,NULL,0,NULL
16,8,2,1,10:00:00,10:15:00,2011-12-21 00:00:00.000,extra day,NULL,NULL,NULL,NULL,NULL,NULL,NULL,NULL,NULL,NULL,NULL,NULL,NULL,NULL,0,NULL
17,19,2,0,14:00:00,18:00:00,2012-05-24 00:00:00.000,NULL,NULL,NULL,NULL,NULL,NULL,NULL,NULL,NULL,NULL,NULL,NULL,NULL,NULL,NULL,0,NULL
18,18,2,0,09:00:00,17:00:00,2012-06-20 00:00:00.000,day off,NULL,NULL,NULL,NULL,NULL,NULL,NULL,NULL,NULL,NULL,NULL,NULL,NULL,NULL,0,NULL
19,18,2,0,09:00:00,17:00:00,2012-06-13 00:00:00.000,day off,NULL,NULL,NULL,NULL,NULL,NULL,NULL,NULL,NULL,NULL,NULL,NULL,NULL,NULL,0,NULL
20,18,2,1,09:00:00,17:00:00,2012-05-22 00:00:00.000,extra day,NULL,NULL,NULL,NULL,NULL,NULL,NULL,NULL,NULL,NULL,NULL,NULL,NULL,NULL,0,NULL
21,18,2,1,09:00:00,17:00:00,2012-06-11 00:00:00.000,Working,NULL,NULL,NULL,NULL,NULL,NULL,NULL,NULL,NULL,NULL,NULL,NULL,NULL,NULL,0,NULL
22,8,2,1,10:00:00,10:15:00,2012-08-07 00:00:00.000,NULL,NULL,NULL,NULL,NULL,NULL,NULL,NULL,NULL,NULL,NULL,NULL,NULL,NULL,NULL,0,NULL
23,8,2,1,10:15:00,10:30:00,2012-08-07 00:00:00.000,NULL,NULL,NULL,NULL,NULL,NULL,NULL,NULL,NULL,NULL,NULL,NULL,NULL,NULL,NULL,0,NULL
24,8,2,0,10:30:00,10:45:00,2012-08-07 00:00:00.000,NULL,NULL,NULL,NULL,NULL,NULL,NULL,NULL,NULL,NULL,NULL,NULL,NULL,NULL,NULL,0,NULL
50,8,2,1,09:00:00,13:00:00,2012-08-29 00:00:00.000,Working,NULL,NULL,NULL,NULL,NULL,NULL,NULL,NULL,NULL,NULL,NULL,NULL,NULL,NULL,0,NULL
51,18,2,0,09:00:00,17:15:00,2012-08-29 00:00:00.000,day off,NULL,NULL,NULL,NULL,NULL,NULL,NULL,NULL,NULL,NULL,NULL,NULL,NULL,NULL,0,NULL
52,20,2,1,09:00:00,09:15:00,2012-12-13 00:00:00.000,extra day,NULL,NULL,NULL,NULL,NULL,NULL,NULL,NULL,NULL,NULL,NULL,NULL,NULL,NULL,0,NULL
55,8,2,1,09:00:00,17:15:00,2012-12-19 00:00:00.000,extra day,NULL,NULL,NULL,NULL,NULL,NULL,NULL,NULL,NULL,NULL,NULL,NULL,NULL,NULL,0,NULL
56,8,2,1,09:00:00,18:00:00,2012-12-11 00:00:00.000,extra day,NULL,NULL,NULL,NULL,NULL,NULL,NULL,NULL,NULL,NULL,NULL,NULL,NULL,NULL,0,NULL
57,20,2,1,09:00:00,14:00:00,2013-03-15 00:00:00.000,extra day,NULL,NULL,NULL,NULL,NULL,NULL,NULL,NULL,NULL,NULL,NULL,NULL,NULL,NULL,0,NULL
58,20,2,1,09:00:00,14:45:00,2013-04-04 00:00:00.000,extra day,NULL,NULL,NULL,NULL,NULL,NULL,NULL,NULL,NULL,NULL,NULL,NULL,NULL,NULL,0,NULL
59,20,2,1,14:45:00,17:00:00,2013-04-04 00:00:00.000,extra day,NULL,NULL,NULL,NULL,NULL,NULL,NULL,NULL,NULL,NULL,NULL,NULL,NULL,NULL,0,NULL
60,8,2,1,09:00:00,18:00:00,2013-05-29 00:00:00.000,NULL,NULL,NULL,NULL,NULL,NULL,NULL,NULL,NULL,NULL,NULL,NULL,NULL,NULL,NULL,0,NULL
61,20,2,0,09:00:00,13:30:00,2013-05-29 00:00:00.000,day off,NULL,NULL,NULL,NULL,NULL,NULL,NULL,NULL,NULL,NULL,NULL,NULL,NULL,NULL,0,NULL
62,8,2,1,10:00:00,13:00:00,2013-10-02 00:00:00.000,NULL,NULL,NULL,NULL,NULL,NULL,NULL,NULL,NULL,NULL,NULL,NULL,NULL,NULL,NULL,0,NULL
63,20,2,0,09:00:00,13:30:00,2013-10-02 00:00:00.000,NULL,NULL,NULL,NULL,NULL,NULL,NULL,NULL,NULL,NULL,NULL,NULL,NULL,NULL,NULL,0,NULL
64,20,2,1,09:00:00,13:00:00,2014-01-02 00:00:00.000,NULL,NULL,NULL,NULL,NULL,NULL,NULL,NULL,NULL,NULL,NULL,NULL,NULL,NULL,NULL,0,NULL
65,20,2,0,17:00:00,18:45:00,2014-01-02 00:00:00.000,NULL,NULL,NULL,NULL,NULL,NULL,NULL,NULL,NULL,NULL,NULL,NULL,NULL,NULL,NULL,0,NULL
66,20,2,1,13:30:00,17:00:00,2014-01-08 00:00:00.000,NULL,NULL,NULL,NULL,NULL,NULL,NULL,NULL,NULL,NULL,NULL,NULL,NULL,NULL,NULL,0,NULL
67,20,2,1,09:00:00,14:00:00,2014-01-09 00:00:00.000,NULL,NULL,NULL,NULL,NULL,NULL,NULL,NULL,NULL,NULL,NULL,NULL,NULL,NULL,NULL,0,NULL
68,20,2,0,17:00:00,18:45:00,2014-01-09 00:00:00.000,NULL,NULL,NULL,NULL,NULL,NULL,NULL,NULL,NULL,NULL,NULL,NULL,NULL,NULL,NULL,0,NULL
69,20,2,0,09:00:00,10:00:00,2014-01-08 00:00:00.000,NULL,NULL,NULL,NULL,NULL,NULL,NULL,NULL,NULL,NULL,NULL,NULL,NULL,NULL,NULL,0,NULL
70,20,2,1,17:00:00,18:00:00,2014-01-08 00:00:00.000,NULL,NULL,NULL,NULL,NULL,NULL,NULL,NULL,NULL,NULL,NULL,NULL,NULL,NULL,NULL,0,NULL
71,8,2,0,10:00:00,19:00:00,2014-01-03 00:00:00.000,snow storm,NULL,NULL,NULL,NULL,NULL,NULL,NULL,NULL,NULL,NULL,NULL,NULL,NULL,NULL,0,NULL
72,20,2,1,10:00:00,13:00:00,2014-03-28 00:00:00.000,NULL,NULL,NULL,NULL,NULL,NULL,NULL,NULL,NULL,NULL,NULL,NULL,NULL,NULL,NULL,0,NULL
73,20,2,1,13:45:00,17:45:00,2014-03-28 00:00:00.000,NULL,NULL,NULL,NULL,NULL,NULL,NULL,NULL,NULL,NULL,NULL,NULL,NULL,NULL,NULL,0,NULL
74,8,2,0,10:00:00,13:00:00,2014-03-28 00:00:00.000,day off,NULL,NULL,NULL,NULL,NULL,NULL,NULL,NULL,NULL,NULL,NULL,NULL,NULL,NULL,0,NULL
75,8,2,0,13:45:00,17:45:00,2014-03-28 00:00:00.000,day off,NULL,NULL,NULL,NULL,NULL,NULL,NULL,NULL,NULL,NULL,NULL,NULL,NULL,NULL,0,NULL
76,8,2,1,09:00:00,13:30:00,2014-04-16 00:00:00.000,extra day,NULL,NULL,NULL,NULL,NULL,NULL,NULL,NULL,NULL,NULL,NULL,NULL,NULL,NULL,0,NULL
77,8,2,1,09:00:00,17:00:00,2014-07-30 00:00:00.000,NULL,NULL,NULL,NULL,NULL,NULL,NULL,NULL,NULL,NULL,NULL,NULL,NULL,NULL,NULL,0,NULL
78,20,2,0,09:00:00,13:30:00,2014-07-30 00:00:00.000,NULL,NULL,NULL,NULL,NULL,NULL,NULL,NULL,NULL,NULL,NULL,NULL,NULL,NULL,NULL,0,NULL
79,8,2,1,09:00:00,13:15:00,2014-10-30 00:00:00.000,NULL,NULL,NULL,NULL,NULL,NULL,NULL,NULL,NULL,NULL,NULL,NULL,NULL,NULL,NULL,0,NULL
80,8,2,1,14:00:00,18:45:00,2014-10-30 00:00:00.000,NULL,NULL,NULL,NULL,NULL,NULL,NULL,NULL,NULL,NULL,NULL,NULL,NULL,NULL,NULL,0,NULL
81,8,2,1,09:00:00,13:15:00,2015-04-07 00:00:00.000,NULL,NULL,NULL,NULL,NULL,NULL,NULL,NULL,NULL,NULL,NULL,NULL,NULL,NULL,NULL,0,NULL
82,8,2,1,14:00:00,17:00:00,2015-04-07 00:00:00.000,NULL,NULL,NULL,NULL,NULL,NULL,NULL,NULL,NULL,NULL,NULL,NULL,NULL,NULL,NULL,0,NULL
83,20,2,0,09:00:00,13:15:00,2015-04-07 00:00:00.000,day off,NULL,NULL,NULL,NULL,NULL,NULL,NULL,NULL,NULL,NULL,NULL,NULL,NULL,NULL,0,NULL
84,20,2,0,14:00:00,17:00:00,2015-04-07 00:00:00.000,day off,NULL,NULL,NULL,NULL,NULL,NULL,NULL,NULL,NULL,NULL,NULL,NULL,NULL,NULL,0,NULL
85,8,2,1,09:00:00,17:00:00,2015-05-28 00:00:00.000,NULL,NULL,NULL,NULL,NULL,NULL,NULL,NULL,NULL,NULL,NULL,NULL,NULL,NULL,NULL,0,NULL
86,20,2,0,09:00:00,18:45:00,2015-07-30 00:00:00.000,day off,NULL,NULL,NULL,NULL,NULL,NULL,NULL,NULL,NULL,NULL,NULL,NULL,NULL,NULL,0,NULL
87,8,2,1,09:00:00,17:00:00,2015-07-30 00:00:00.000,NULL,NULL,NULL,NULL,NULL,NULL,NULL,NULL,NULL,NULL,NULL,NULL,NULL,NULL,NULL,0,NULL
88,20,2,0,09:00:00,17:00:00,2015-07-28 00:00:00.000,day off,NULL,NULL,NULL,NULL,NULL,NULL,NULL,NULL,NULL,NULL,NULL,NULL,NULL,NULL,0,NULL
90,20,2,0,09:00:00,13:15:00,2015-10-29 00:00:00.000,NULL,NULL,NULL,NULL,NULL,NULL,NULL,NULL,NULL,NULL,NULL,NULL,NULL,NULL,NULL,0,NULL
91,20,2,0,14:00:00,18:45:00,2015-10-29 00:00:00.000,NULL,NULL,NULL,NULL,NULL,NULL,NULL,NULL,NULL,NULL,NULL,NULL,NULL,NULL,NULL,0,NULL
92,8,2,1,09:00:00,18:45:00,2015-11-12 00:00:00.000,NULL,NULL,NULL,NULL,NULL,NULL,NULL,NULL,NULL,NULL,NULL,NULL,NULL,NULL,NULL,0,NULL
93,20,2,0,09:00:00,18:45:00,2015-11-12 00:00:00.000,NULL,NULL,NULL,NULL,NULL,NULL,NULL,NULL,NULL,NULL,NULL,NULL,NULL,NULL,NULL,0,NULL
94,8,2,1,09:00:00,17:00:00,2015-10-29 00:00:00.000,NULL,NULL,NULL,NULL,NULL,NULL,NULL,NULL,NULL,NULL,NULL,NULL,NULL,NULL,NULL,0,NULL
95,20,2,1,09:00:00,17:00:00,2016-04-15 00:00:00.000,NULL,NULL,NULL,NULL,NULL,NULL,NULL,NULL,NULL,NULL,NULL,NULL,NULL,NULL,NULL,0,NULL
96,8,2,0,10:00:00,13:00:00,2016-04-15 00:00:00.000,NULL,NULL,NULL,NULL,NULL,NULL,NULL,NULL,NULL,NULL,NULL,NULL,NULL,NULL,NULL,0,NULL
97,8,2,0,13:45:00,19:00:00,2016-04-15 00:00:00.000,NULL,NULL,NULL,NULL,NULL,NULL,NULL,NULL,NULL,NULL,NULL,NULL,NULL,NULL,NULL,0,NULL
98,8,2,0,10:00:00,18:00:00,2016-04-16 00:00:00.000,NULL,NULL,NULL,NULL,NULL,NULL,NULL,NULL,NULL,NULL,NULL,NULL,NULL,NULL,NULL,0,NULL
99,8,2,1,09:00:00,18:45:00,2016-05-19 00:00:00.000,NULL,NULL,NULL,NULL,NULL,NULL,NULL,NULL,NULL,NULL,NULL,NULL,NULL,NULL,NULL,0,NULL
100,8,2,1,09:00:00,17:00:00,2016-07-21 00:00:00.000,NULL,NULL,NULL,NULL,NULL,NULL,NULL,NULL,NULL,NULL,NULL,NULL,NULL,NULL,NULL,0,NULL
101,8,2,1,09:00:00,17:00:00,2016-07-26 00:00:00.000,NULL,NULL,NULL,NULL,NULL,NULL,NULL,NULL,NULL,NULL,NULL,NULL,NULL,NULL,NULL,0,NULL
102,20,2,0,09:00:00,13:15:00,2016-07-21 00:00:00.000,NULL,NULL,NULL,NULL,NULL,NULL,NULL,NULL,NULL,NULL,NULL,NULL,NULL,NULL,NULL,0,NULL
103,20,2,0,14:00:00,19:00:00,2016-07-21 00:00:00.000,NULL,NULL,NULL,NULL,NULL,NULL,NULL,NULL,NULL,NULL,NULL,NULL,NULL,NULL,NULL,0,NULL
104,20,2,0,09:00:00,13:15:00,2016-07-19 00:00:00.000,NULL,NULL,NULL,NULL,NULL,NULL,NULL,NULL,NULL,NULL,NULL,NULL,NULL,NULL,NULL,0,NULL
105,20,2,0,14:00:00,17:00:00,2016-07-19 00:00:00.000,NULL,NULL,NULL,NULL,NULL,NULL,NULL,NULL,NULL,NULL,NULL,NULL,NULL,NULL,NULL,0,NULL
106,20,2,0,09:00:00,13:15:00,2016-07-26 00:00:00.000,NULL,NULL,NULL,NULL,NULL,NULL,NULL,NULL,NULL,NULL,NULL,NULL,NULL,NULL,NULL,0,NULL
107,20,2,0,14:00:00,17:00:00,2016-07-26 00:00:00.000,NULL,NULL,NULL,NULL,NULL,NULL,NULL,NULL,NULL,NULL,NULL,NULL,NULL,NULL,NULL,0,NULL
108,8,2,1,09:00:00,13:15:00,2016-10-04 00:00:00.000,NULL,NULL,NULL,NULL,NULL,NULL,NULL,NULL,NULL,NULL,NULL,NULL,NULL,NULL,NULL,0,NULL
109,8,2,1,14:00:00,17:00:00,2016-10-04 00:00:00.000,NULL,NULL,NULL,NULL,NULL,NULL,NULL,NULL,NULL,NULL,NULL,NULL,NULL,NULL,NULL,0,NULL
110,20,2,0,09:00:00,13:15:00,2016-10-04 00:00:00.000,NULL,NULL,NULL,NULL,NULL,NULL,NULL,NULL,NULL,NULL,NULL,NULL,NULL,NULL,NULL,0,NULL
111,20,2,0,14:00:00,17:00:00,2016-10-04 00:00:00.000,NULL,NULL,NULL,NULL,NULL,NULL,NULL,NULL,NULL,NULL,NULL,NULL,NULL,NULL,NULL,0,NULL
112,8,2,1,09:00:00,17:00:00,2016-12-06 00:00:00.000,NULL,NULL,NULL,NULL,NULL,NULL,NULL,NULL,NULL,NULL,NULL,NULL,NULL,NULL,NULL,0,NULL
113,20,2,0,09:00:00,13:15:00,2016-12-06 00:00:00.000,NULL,NULL,NULL,NULL,NULL,NULL,NULL,NULL,NULL,NULL,NULL,NULL,NULL,NULL,NULL,0,NULL
114,20,2,0,14:00:00,17:00:00,2016-12-06 00:00:00.000,NULL,NULL,NULL,NULL,NULL,NULL,NULL,NULL,NULL,NULL,NULL,NULL,NULL,NULL,NULL,0,NULL
115,20,2,0,09:00:00,13:15:00,2016-12-08 00:00:00.000,NULL,NULL,NULL,NULL,NULL,NULL,NULL,NULL,NULL,NULL,NULL,NULL,NULL,NULL,NULL,0,NULL
116,20,2,0,14:00:00,18:45:00,2016-12-08 00:00:00.000,NULL,NULL,NULL,NULL,NULL,NULL,NULL,NULL,NULL,NULL,NULL,NULL,NULL,NULL,NULL,0,NULL
117,8,2,1,09:00:00,17:00:00,2016-12-08 00:00:00.000,NULL,NULL,NULL,NULL,NULL,NULL,NULL,NULL,NULL,NULL,NULL,NULL,NULL,NULL,NULL,0,NULL
118,8,2,1,09:00:00,13:15:00,2017-04-18 00:00:00.000,NULL,NULL,NULL,NULL,NULL,NULL,NULL,NULL,NULL,NULL,NULL,NULL,NULL,NULL,NULL,0,NULL
119,8,2,1,14:00:00,17:00:00,2017-04-18 00:00:00.000,NULL,NULL,NULL,NULL,NULL,NULL,NULL,NULL,NULL,NULL,NULL,NULL,NULL,NULL,NULL,0,NULL
120,20,2,0,09:00:00,13:15:00,2017-04-18 00:00:00.000,NULL,NULL,NULL,NULL,NULL,NULL,NULL,NULL,NULL,NULL,NULL,NULL,NULL,NULL,NULL,0,NULL
121,20,2,0,14:00:00,17:00:00,2017-04-18 00:00:00.000,NULL,NULL,NULL,NULL,NULL,NULL,NULL,NULL,NULL,NULL,NULL,NULL,NULL,NULL,NULL,0,NULL
122,8,2,1,09:00:00,13:00:00,2017-04-10 00:00:00.000,NULL,NULL,NULL,NULL,NULL,NULL,NULL,NULL,NULL,NULL,NULL,NULL,NULL,NULL,NULL,0,NULL
123,8,2,1,13:45:00,17:00:00,2017-04-10 00:00:00.000,NULL,NULL,NULL,NULL,NULL,NULL,NULL,NULL,NULL,NULL,NULL,NULL,NULL,NULL,NULL,0,NULL
124,20,2,1,10:00:00,13:00:00,2017-03-31 00:00:00.000,NULL,NULL,NULL,NULL,NULL,NULL,NULL,NULL,NULL,NULL,NULL,NULL,NULL,NULL,NULL,0,NULL
125,20,2,1,13:45:00,19:00:00,2017-03-31 00:00:00.000,NULL,NULL,NULL,NULL,NULL,NULL,NULL,NULL,NULL,NULL,NULL,NULL,NULL,NULL,NULL,0,NULL
126,8,2,0,10:00:00,13:00:00,2017-03-31 00:00:00.000,NULL,NULL,NULL,NULL,NULL,NULL,NULL,NULL,NULL,NULL,NULL,NULL,NULL,NULL,NULL,0,NULL
127,8,2,0,13:45:00,19:00:00,2017-03-31 00:00:00.000,NULL,NULL,NULL,NULL,NULL,NULL,NULL,NULL,NULL,NULL,NULL,NULL,NULL,NULL,NULL,0,NULL
128,20,2,0,09:00:00,10:00:00,2017-03-31 00:00:00.000,NULL,NULL,NULL,NULL,NULL,NULL,NULL,NULL,NULL,NULL,NULL,NULL,NULL,NULL,NULL,0,NULL
129,8,2,1,14:00:00,19:00:00,2017-05-11 00:00:00.000,NULL,NULL,NULL,NULL,NULL,NULL,NULL,NULL,NULL,NULL,NULL,NULL,NULL,NULL,NULL,0,NULL
130,8,2,1,09:00:00,13:15:00,2017-05-11 00:00:00.000,NULL,NULL,NULL,NULL,NULL,NULL,NULL,NULL,NULL,NULL,NULL,NULL,NULL,NULL,NULL,0,NULL
131,20,2,0,09:00:00,13:15:00,2017-05-11 00:00:00.000,NULL,NULL,NULL,NULL,NULL,NULL,NULL,NULL,NULL,NULL,NULL,NULL,NULL,NULL,NULL,0,NULL
132,20,2,0,14:00:00,18:45:00,2017-05-11 00:00:00.000,NULL,NULL,NULL,NULL,NULL,NULL,NULL,NULL,NULL,NULL,NULL,NULL,NULL,NULL,NULL,0,NULL
133,20,2,0,09:00:00,13:15:00,2017-05-16 00:00:00.000,NULL,NULL,NULL,NULL,NULL,NULL,NULL,NULL,NULL,NULL,NULL,NULL,NULL,NULL,NULL,0,NULL
134,20,2,0,14:00:00,17:00:00,2017-05-16 00:00:00.000,NULL,NULL,NULL,NULL,NULL,NULL,NULL,NULL,NULL,NULL,NULL,NULL,NULL,NULL,NULL,0,NULL
135,20,2,1,14:00:00,17:00:00,2017-07-05 00:00:00.000,NULL,NULL,NULL,NULL,NULL,NULL,NULL,NULL,NULL,NULL,NULL,NULL,NULL,NULL,NULL,0,NULL
136,20,2,1,14:00:00,17:00:00,2017-07-12 00:00:00.000,NULL,NULL,NULL,NULL,NULL,NULL,NULL,NULL,NULL,NULL,NULL,NULL,NULL,NULL,NULL,0,NULL
137,20,2,0,10:00:00,18:00:00,2017-07-10 00:00:00.000,NULL,NULL,NULL,NULL,NULL,NULL,NULL,NULL,NULL,NULL,NULL,NULL,NULL,NULL,NULL,0,NULL
138,8,2,1,10:00:00,13:00:00,2017-07-10 00:00:00.000,NULL,NULL,NULL,NULL,NULL,NULL,NULL,NULL,NULL,NULL,NULL,NULL,NULL,NULL,NULL,0,NULL
139,8,2,1,13:45:00,18:00:00,2017-07-10 00:00:00.000,NULL,NULL,NULL,NULL,NULL,NULL,NULL,NULL,NULL,NULL,NULL,NULL,NULL,NULL,NULL,0,NULL
140,8,2,1,09:00:00,13:00:00,2017-07-19 00:00:00.000,NULL,NULL,NULL,NULL,NULL,NULL,NULL,NULL,NULL,NULL,NULL,NULL,NULL,NULL,NULL,0,NULL
141,20,2,0,09:00:00,13:30:00,2017-07-19 00:00:00.000,NULL,NULL,NULL,NULL,NULL,NULL,NULL,NULL,NULL,NULL,NULL,NULL,NULL,NULL,NULL,0,NULL
142,8,2,0,10:00:00,13:00:00,2017-07-14 00:00:00.000,NULL,NULL,NULL,NULL,NULL,NULL,NULL,NULL,NULL,NULL,NULL,NULL,NULL,NULL,NULL,0,NULL
143,8,2,0,13:45:00,19:00:00,2017-07-14 00:00:00.000,NULL,NULL,NULL,NULL,NULL,NULL,NULL,NULL,NULL,NULL,NULL,NULL,NULL,NULL,NULL,0,NULL
144,8,2,0,09:00:00,13:00:00,2017-07-15 00:00:00.000,NULL,NULL,NULL,NULL,NULL,NULL,NULL,NULL,NULL,NULL,NULL,NULL,NULL,NULL,NULL,0,NULL
145,8,2,0,13:45:00,17:00:00,2017-07-15 00:00:00.000,NULL,NULL,NULL,NULL,NULL,NULL,NULL,NULL,NULL,NULL,NULL,NULL,NULL,NULL,NULL,0,NULL
146,20,2,0,09:00:00,13:15:00,2017-07-18 00:00:00.000,NULL,NULL,NULL,NULL,NULL,NULL,NULL,NULL,NULL,NULL,NULL,NULL,NULL,NULL,NULL,0,NULL
147,20,2,0,14:00:00,17:00:00,2017-07-18 00:00:00.000,NULL,NULL,NULL,NULL,NULL,NULL,NULL,NULL,NULL,NULL,NULL,NULL,NULL,NULL,NULL,0,NULL
148,20,2,0,09:00:00,13:15:00,2017-12-07 00:00:00.000,NULL,NULL,NULL,NULL,NULL,NULL,NULL,NULL,NULL,NULL,NULL,NULL,NULL,NULL,NULL,0,NULL
149,20,2,0,14:00:00,17:00:00,2017-12-07 00:00:00.000,NULL,NULL,NULL,NULL,NULL,NULL,NULL,NULL,NULL,NULL,NULL,NULL,NULL,NULL,NULL,0,NULL
150,20,2,0,09:00:00,13:15:00,2017-12-05 00:00:00.000,NULL,NULL,NULL,NULL,NULL,NULL,NULL,NULL,NULL,NULL,NULL,NULL,NULL,NULL,NULL,0,NULL
151,20,2,0,14:00:00,17:00:00,2017-12-05 00:00:00.000,NULL,NULL,NULL,NULL,NULL,NULL,NULL,NULL,NULL,NULL,NULL,NULL,NULL,NULL,NULL,0,NULL
152,8,2,1,09:00:00,12:30:00,2017-12-05 00:00:00.000,NULL,NULL,NULL,NULL,NULL,NULL,NULL,NULL,NULL,NULL,NULL,NULL,NULL,NULL,NULL,0,NULL
153,8,2,1,13:15:00,16:45:00,2017-12-05 00:00:00.000,NULL,NULL,NULL,NULL,NULL,NULL,NULL,NULL,NULL,NULL,NULL,NULL,NULL,NULL,NULL,0,NULL
154,8,2,1,09:00:00,12:45:00,2017-12-07 00:00:00.000,NULL,NULL,NULL,NULL,NULL,NULL,NULL,NULL,NULL,NULL,NULL,NULL,NULL,NULL,NULL,0,NULL
155,8,2,1,13:30:00,16:45:00,2017-12-07 00:00:00.000,NULL,NULL,NULL,NULL,NULL,NULL,NULL,NULL,NULL,NULL,NULL,NULL,NULL,NULL,NULL,0,NULL
156,20,2,0,16:00:00,17:00:00,2017-11-30 00:00:00.000,NULL,NULL,NULL,NULL,NULL,NULL,NULL,NULL,NULL,NULL,NULL,NULL,NULL,NULL,NULL,0,NULL
157,20,2,1,09:00:00,13:00:00,2017-11-22 00:00:00.000,NULL,NULL,NULL,NULL,NULL,NULL,NULL,NULL,NULL,NULL,NULL,NULL,NULL,NULL,NULL,0,NULL
158,20,2,1,13:45:00,17:00:00,2017-11-22 00:00:00.000,NULL,NULL,NULL,NULL,NULL,NULL,NULL,NULL,NULL,NULL,NULL,NULL,NULL,NULL,NULL,0,NULL
159,8,2,1,09:00:00,13:15:00,2018-01-23 00:00:00.000,NULL,NULL,NULL,NULL,NULL,NULL,NULL,NULL,NULL,NULL,NULL,NULL,NULL,NULL,NULL,0,NULL
160,8,2,1,14:00:00,17:00:00,2018-01-23 00:00:00.000,NULL,NULL,NULL,NULL,NULL,NULL,NULL,NULL,NULL,NULL,NULL,NULL,NULL,NULL,NULL,0,NULL
161,20,2,0,09:00:00,13:15:00,2018-01-23 00:00:00.000,NULL,NULL,NULL,NULL,NULL,NULL,NULL,NULL,NULL,NULL,NULL,NULL,NULL,NULL,NULL,0,NULL
162,20,2,0,14:00:00,17:00:00,2018-01-23 00:00:00.000,NULL,NULL,NULL,NULL,NULL,NULL,NULL,NULL,NULL,NULL,NULL,NULL,NULL,NULL,NULL,0,NULL
163,20,2,0,09:00:00,13:15:00,2018-01-30 00:00:00.000,NULL,NULL,NULL,NULL,NULL,NULL,NULL,NULL,NULL,NULL,NULL,NULL,NULL,NULL,NULL,0,NULL
164,20,2,0,14:00:00,17:00:00,2018-01-30 00:00:00.000,NULL,NULL,NULL,NULL,NULL,NULL,NULL,NULL,NULL,NULL,NULL,NULL,NULL,NULL,NULL,0,NULL
165,20,2,1,09:00:00,13:00:00,2018-01-31 00:00:00.000,NULL,NULL,NULL,NULL,NULL,NULL,NULL,NULL,NULL,NULL,NULL,NULL,NULL,NULL,NULL,0,NULL
166,20,2,1,13:45:00,17:00:00,2018-01-31 00:00:00.000,NULL,NULL,NULL,NULL,NULL,NULL,NULL,NULL,NULL,NULL,NULL,NULL,NULL,NULL,NULL,0,NULL
167,8,2,0,13:45:00,19:00:00,2018-01-31 00:00:00.000,NULL,NULL,NULL,NULL,NULL,NULL,NULL,NULL,NULL,NULL,NULL,NULL,NULL,NULL,NULL,0,NULL
168,8,2,1,09:00:00,13:15:00,2018-01-25 00:00:00.000,NULL,NULL,NULL,NULL,NULL,NULL,NULL,NULL,NULL,NULL,NULL,NULL,NULL,NULL,NULL,0,NULL
169,8,2,1,14:00:00,17:00:00,2018-01-25 00:00:00.000,NULL,NULL,NULL,NULL,NULL,NULL,NULL,NULL,NULL,NULL,NULL,NULL,NULL,NULL,NULL,0,NULL
170,8,2,1,13:00:00,18:00:00,2018-02-01 00:00:00.000,NULL,NULL,NULL,NULL,NULL,NULL,NULL,NULL,NULL,NULL,NULL,NULL,NULL,NULL,NULL,0,NULL
171,20,2,1,09:00:00,13:00:00,2018-03-16 00:00:00.000,NULL,NULL,NULL,NULL,NULL,NULL,NULL,NULL,NULL,NULL,NULL,NULL,NULL,NULL,NULL,0,NULL
172,20,2,1,13:45:00,17:00:00,2018-03-16 00:00:00.000,NULL,NULL,NULL,NULL,NULL,NULL,NULL,NULL,NULL,NULL,NULL,NULL,NULL,NULL,NULL,0,NULL
173,8,2,0,10:00:00,13:00:00,2018-03-16 00:00:00.000,NULL,NULL,NULL,NULL,NULL,NULL,NULL,NULL,NULL,NULL,NULL,NULL,NULL,NULL,NULL,0,NULL
174,8,2,0,13:45:00,19:00:00,2018-03-16 00:00:00.000,NULL,NULL,NULL,NULL,NULL,NULL,NULL,NULL,NULL,NULL,NULL,NULL,NULL,NULL,NULL,0,NULL
175,8,2,0,13:45:00,19:00:00,2018-05-09 00:00:00.000,NULL,NULL,NULL,NULL,NULL,NULL,NULL,NULL,NULL,NULL,NULL,NULL,NULL,NULL,NULL,0,NULL
176,20,2,1,10:00:00,15:00:00,2018-05-09 00:00:00.000,NULL,NULL,NULL,NULL,NULL,NULL,NULL,NULL,NULL,NULL,NULL,NULL,NULL,NULL,NULL,0,NULL
177,20,2,1,10:00:00,15:00:00,2018-05-16 00:00:00.000,NULL,NULL,NULL,NULL,NULL,NULL,NULL,NULL,NULL,NULL,NULL,NULL,NULL,NULL,NULL,0,NULL
178,8,2,0,13:30:00,19:00:00,2018-05-16 00:00:00.000,NULL,NULL,NULL,NULL,NULL,NULL,NULL,NULL,NULL,NULL,NULL,NULL,NULL,NULL,NULL,0,NULL
179,8,2,0,10:00:00,15:00:00,2018-06-25 00:00:00.000,NULL,NULL,NULL,NULL,NULL,NULL,NULL,NULL,NULL,NULL,NULL,NULL,NULL,NULL,NULL,0,NULL
180,20,2,1,10:00:00,13:45:00,2018-09-05 00:00:00.000,NULL,NULL,NULL,NULL,NULL,NULL,NULL,NULL,NULL,NULL,NULL,NULL,NULL,NULL,NULL,0,NULL
181,20,2,1,14:15:00,18:00:00,2018-09-05 00:00:00.000,NULL,NULL,NULL,NULL,NULL,NULL,NULL,NULL,NULL,NULL,NULL,NULL,NULL,NULL,NULL,0,NULL
182,8,2,0,13:45:00,19:00:00,2018-09-05 00:00:00.000,NULL,NULL,NULL,NULL,NULL,NULL,NULL,NULL,NULL,NULL,NULL,NULL,NULL,NULL,NULL,0,NULL
183,20,2,0,09:00:00,13:15:00,2018-09-04 00:00:00.000,NULL,NULL,NULL,NULL,NULL,NULL,NULL,NULL,NULL,NULL,NULL,NULL,NULL,NULL,NULL,0,NULL
184,20,2,0,14:00:00,17:00:00,2018-09-04 00:00:00.000,NULL,NULL,NULL,NULL,NULL,NULL,NULL,NULL,NULL,NULL,NULL,NULL,NULL,NULL,NULL,0,NULL
185,20,2,1,09:00:00,17:00:00,2018-09-12 00:00:00.000,NULL,NULL,NULL,NULL,NULL,NULL,NULL,NULL,NULL,NULL,NULL,NULL,NULL,NULL,NULL,0,NULL
186,20,2,1,09:00:00,17:00:00,2018-09-26 00:00:00.000,NULL,NULL,NULL,NULL,NULL,NULL,NULL,NULL,NULL,NULL,NULL,NULL,NULL,NULL,NULL,0,NULL
187,20,2,0,09:00:00,13:15:00,2018-09-25 00:00:00.000,NULL,NULL,NULL,NULL,NULL,NULL,NULL,NULL,NULL,NULL,NULL,NULL,NULL,NULL,NULL,0,NULL
188,20,2,0,14:00:00,17:00:00,2018-09-25 00:00:00.000,NULL,NULL,NULL,NULL,NULL,NULL,NULL,NULL,NULL,NULL,NULL,NULL,NULL,NULL,NULL,0,NULL
189,20,2,0,14:00:00,17:00:00,2018-09-11 00:00:00.000,NULL,NULL,NULL,NULL,NULL,NULL,NULL,NULL,NULL,NULL,NULL,NULL,NULL,NULL,NULL,0,NULL
190,20,2,0,09:00:00,13:15:00,2018-09-11 00:00:00.000,NULL,NULL,NULL,NULL,NULL,NULL,NULL,NULL,NULL,NULL,NULL,NULL,NULL,NULL,NULL,0,NULL
191,8,2,1,09:00:00,13:15:00,2018-10-11 00:00:00.000,NULL,NULL,NULL,NULL,NULL,NULL,NULL,NULL,NULL,NULL,NULL,NULL,NULL,NULL,NULL,0,NULL
192,8,2,1,14:00:00,17:00:00,2018-10-11 00:00:00.000,NULL,NULL,NULL,NULL,NULL,NULL,NULL,NULL,NULL,NULL,NULL,NULL,NULL,NULL,NULL,0,NULL
194,8,2,1,14:00:00,17:00:00,2018-10-09 00:00:00.000,NULL,NULL,NULL,NULL,NULL,NULL,NULL,NULL,NULL,NULL,NULL,NULL,NULL,NULL,NULL,0,NULL
195,20,2,0,09:00:00,13:15:00,2018-10-11 00:00:00.000,NULL,NULL,NULL,NULL,NULL,NULL,NULL,NULL,NULL,NULL,NULL,NULL,NULL,NULL,NULL,0,NULL
196,20,2,0,13:45:00,17:00:00,2018-10-11 00:00:00.000,NULL,NULL,NULL,NULL,NULL,NULL,NULL,NULL,NULL,NULL,NULL,NULL,NULL,NULL,NULL,0,NULL
197,20,2,0,09:00:00,13:15:00,2018-10-09 00:00:00.000,NULL,NULL,NULL,NULL,NULL,NULL,NULL,NULL,NULL,NULL,NULL,NULL,NULL,NULL,NULL,0,NULL
198,20,2,0,14:00:00,17:00:00,2018-10-09 00:00:00.000,NULL,NULL,NULL,NULL,NULL,NULL,NULL,NULL,NULL,NULL,NULL,NULL,NULL,NULL,NULL,0,NULL
199,8,2,1,09:00:00,13:15:00,2018-12-18 00:00:00.000,NULL,NULL,NULL,NULL,NULL,NULL,NULL,NULL,NULL,NULL,NULL,NULL,NULL,NULL,NULL,0,NULL
200,8,2,1,14:00:00,17:00:00,2018-12-18 00:00:00.000,NULL,NULL,NULL,NULL,NULL,NULL,NULL,NULL,NULL,NULL,NULL,NULL,NULL,NULL,NULL,0,NULL
201,8,2,1,09:00:00,13:15:00,2018-12-20 00:00:00.000,NULL,NULL,NULL,NULL,NULL,NULL,NULL,NULL,NULL,NULL,NULL,NULL,NULL,NULL,NULL,0,NULL
202,8,2,1,14:00:00,17:00:00,2018-12-20 00:00:00.000,NULL,NULL,NULL,NULL,NULL,NULL,NULL,NULL,NULL,NULL,NULL,NULL,NULL,NULL,NULL,0,NULL
203,20,2,0,09:00:00,13:15:00,2018-12-20 00:00:00.000,NULL,NULL,NULL,NULL,NULL,NULL,NULL,NULL,NULL,NULL,NULL,NULL,NULL,NULL,NULL,0,NULL
204,20,2,0,14:00:00,17:00:00,2018-12-20 00:00:00.000,NULL,NULL,NULL,NULL,NULL,NULL,NULL,NULL,NULL,NULL,NULL,NULL,NULL,NULL,NULL,0,NULL
205,20,2,1,09:00:00,14:00:00,2018-12-26 00:00:00.000,NULL,NULL,NULL,NULL,NULL,NULL,NULL,NULL,NULL,NULL,NULL,NULL,NULL,NULL,NULL,0,NULL
206,20,2,1,09:00:00,14:00:00,2019-01-02 00:00:00.000,NULL,NULL,NULL,NULL,NULL,NULL,NULL,NULL,NULL,NULL,NULL,NULL,NULL,NULL,NULL,0,NULL
207,8,2,1,09:00:00,13:15:00,2019-03-07 00:00:00.000,NULL,NULL,NULL,NULL,NULL,NULL,NULL,NULL,NULL,NULL,NULL,NULL,NULL,NULL,NULL,0,NULL
208,8,2,1,14:00:00,17:00:00,2019-03-07 00:00:00.000,NULL,NULL,NULL,NULL,NULL,NULL,NULL,NULL,NULL,NULL,NULL,NULL,NULL,NULL,NULL,0,NULL
209,20,2,1,10:00:00,13:00:00,2019-03-22 00:00:00.000,NULL,NULL,NULL,NULL,NULL,NULL,NULL,NULL,NULL,NULL,NULL,NULL,NULL,NULL,NULL,0,NULL
210,20,2,1,09:00:00,10:00:00,2019-03-22 00:00:00.000,NULL,NULL,NULL,NULL,NULL,NULL,NULL,NULL,NULL,NULL,NULL,NULL,NULL,NULL,NULL,0,NULL
211,20,2,1,13:45:00,17:00:00,2019-03-22 00:00:00.000,NULL,NULL,NULL,NULL,NULL,NULL,NULL,NULL,NULL,NULL,NULL,NULL,NULL,NULL,NULL,0,NULL
212,8,2,0,10:00:00,13:00:00,2019-03-22 00:00:00.000,NULL,NULL,NULL,NULL,NULL,NULL,NULL,NULL,NULL,NULL,NULL,NULL,NULL,NULL,NULL,0,NULL
213,8,2,0,13:45:00,19:00:00,2019-03-22 00:00:00.000,NULL,NULL,NULL,NULL,NULL,NULL,NULL,NULL,NULL,NULL,NULL,NULL,NULL,NULL,NULL,0,NULL
214,20,2,0,09:00:00,13:15:00,2019-03-07 00:00:00.000,NULL,NULL,NULL,NULL,NULL,NULL,NULL,NULL,NULL,NULL,NULL,NULL,NULL,NULL,NULL,0,NULL
215,20,2,0,14:00:00,17:00:00,2019-03-07 00:00:00.000,NULL,NULL,NULL,NULL,NULL,NULL,NULL,NULL,NULL,NULL,NULL,NULL,NULL,NULL,NULL,0,NULL
216,8,2,1,09:00:00,13:15:00,2019-05-16 00:00:00.000,NULL,NULL,NULL,NULL,NULL,NULL,NULL,NULL,NULL,NULL,NULL,NULL,NULL,NULL,NULL,0,NULL
217,8,2,1,14:00:00,17:00:00,2019-05-16 00:00:00.000,NULL,NULL,NULL,NULL,NULL,NULL,NULL,NULL,NULL,NULL,NULL,NULL,NULL,NULL,NULL,0,NULL
218,20,2,0,09:00:00,13:15:00,2019-05-16 00:00:00.000,NULL,NULL,NULL,NULL,NULL,NULL,NULL,NULL,NULL,NULL,NULL,NULL,NULL,NULL,NULL,0,NULL
219,20,2,0,14:00:00,17:00:00,2019-05-16 00:00:00.000,NULL,NULL,NULL,NULL,NULL,NULL,NULL,NULL,NULL,NULL,NULL,NULL,NULL,NULL,NULL,0,NULL
220,8,2,1,09:00:00,13:15:00,2019-06-27 00:00:00.000,NULL,NULL,NULL,NULL,NULL,NULL,NULL,NULL,NULL,NULL,NULL,NULL,NULL,NULL,NULL,0,NULL
221,8,2,1,14:00:00,17:00:00,2019-06-27 00:00:00.000,NULL,NULL,NULL,NULL,NULL,NULL,NULL,NULL,NULL,NULL,NULL,NULL,NULL,NULL,NULL,0,NULL
222,20,2,0,09:00:00,13:15:00,2019-06-25 00:00:00.000,NULL,NULL,NULL,NULL,NULL,NULL,NULL,NULL,NULL,NULL,NULL,NULL,NULL,NULL,NULL,0,NULL
223,20,2,0,14:00:00,17:00:00,2019-06-25 00:00:00.000,NULL,NULL,NULL,NULL,NULL,NULL,NULL,NULL,NULL,NULL,NULL,NULL,NULL,NULL,NULL,0,NULL
224,8,2,1,09:00:00,14:30:00,2019-07-31 00:00:00.000,NULL,NULL,NULL,NULL,NULL,NULL,NULL,NULL,NULL,NULL,NULL,NULL,NULL,NULL,NULL,0,NULL
225,8,2,1,14:00:00,17:00:00,2019-10-01 00:00:00.000,NULL,NULL,NULL,NULL,NULL,NULL,NULL,NULL,NULL,NULL,NULL,NULL,NULL,NULL,NULL,0,NULL
226,8,2,1,09:00:00,13:15:00,2019-10-01 00:00:00.000,NULL,NULL,NULL,NULL,NULL,NULL,NULL,NULL,NULL,NULL,NULL,NULL,NULL,NULL,NULL,0,NULL
227,20,2,0,14:00:00,17:00:00,2019-10-01 00:00:00.000,NULL,NULL,NULL,NULL,NULL,NULL,NULL,NULL,NULL,NULL,NULL,NULL,NULL,NULL,NULL,0,NULL
228,8,2,1,09:00:00,13:15:00,2019-10-17 00:00:00.000,NULL,NULL,NULL,NULL,NULL,NULL,NULL,NULL,NULL,NULL,NULL,NULL,NULL,NULL,NULL,0,NULL
229,20,2,0,09:00:00,13:15:00,2019-10-17 00:00:00.000,NULL,NULL,NULL,NULL,NULL,NULL,NULL,NULL,NULL,NULL,NULL,NULL,NULL,NULL,NULL,0,NULL
230,8,2,1,14:00:00,17:00:00,2019-10-17 00:00:00.000,NULL,NULL,NULL,NULL,NULL,NULL,NULL,NULL,NULL,NULL,NULL,NULL,NULL,NULL,NULL,0,NULL
231,20,2,0,14:00:00,17:00:00,2019-10-17 00:00:00.000,NULL,NULL,NULL,NULL,NULL,NULL,NULL,NULL,NULL,NULL,NULL,NULL,NULL,NULL,NULL,0,NULL
232,20,2,0,09:00:00,17:00:00,2019-10-15 00:00:00.000,NULL,NULL,NULL,NULL,NULL,NULL,NULL,NULL,NULL,NULL,NULL,NULL,NULL,NULL,NULL,0,NULL
233,20,2,0,09:00:00,13:15:00,2019-10-01 00:00:00.000,NULL,NULL,NULL,NULL,NULL,NULL,NULL,NULL,NULL,NULL,NULL,NULL,NULL,NULL,NULL,0,NULL
234,8,2,1,09:00:00,13:00:00,2019-12-31 00:00:00.000,NULL,NULL,NULL,NULL,NULL,NULL,NULL,NULL,NULL,NULL,NULL,NULL,NULL,NULL,NULL,0,NULL
235,20,2,0,09:00:00,13:15:00,2019-12-31 00:00:00.000,NULL,NULL,NULL,NULL,NULL,NULL,NULL,NULL,NULL,NULL,NULL,NULL,NULL,NULL,NULL,0,NULL
236,20,2,0,14:00:00,17:00:00,2019-12-31 00:00:00.000,NULL,NULL,NULL,NULL,NULL,NULL,NULL,NULL,NULL,NULL,NULL,NULL,NULL,NULL,NULL,0,NULL
237,20,2,1,10:00:00,13:00:00,2020-03-27 00:00:00.000,NULL,NULL,NULL,NULL,NULL,NULL,NULL,NULL,NULL,NULL,NULL,NULL,NULL,NULL,NULL,0,NULL
238,20,2,1,13:45:00,19:00:00,2020-03-27 00:00:00.000,NULL,NULL,NULL,NULL,NULL,NULL,NULL,NULL,NULL,NULL,NULL,NULL,NULL,NULL,NULL,0,NULL
239,8,2,0,13:45:00,19:00:00,2020-03-27 00:00:00.000,NULL,NULL,NULL,NULL,NULL,NULL,NULL,NULL,NULL,NULL,NULL,NULL,NULL,NULL,NULL,0,NULL
240,8,2,0,10:00:00,13:00:00,2020-03-27 00:00:00.000,NULL,NULL,NULL,NULL,NULL,NULL,NULL,NULL,NULL,NULL,NULL,NULL,NULL,NULL,NULL,0,NULL
241,8,2,1,09:00:00,13:15:00,2020-03-12 00:00:00.000,NULL,NULL,NULL,NULL,NULL,NULL,NULL,NULL,NULL,NULL,NULL,NULL,NULL,NULL,NULL,0,NULL
242,8,2,1,14:00:00,17:00:00,2020-03-12 00:00:00.000,NULL,NULL,NULL,NULL,NULL,NULL,NULL,NULL,NULL,NULL,NULL,NULL,NULL,NULL,NULL,0,NULL
243,20,2,0,09:00:00,13:15:00,2020-03-12 00:00:00.000,NULL,NULL,NULL,NULL,NULL,NULL,NULL,NULL,NULL,NULL,NULL,NULL,NULL,NULL,NULL,0,NULL
244,20,2,0,14:00:00,17:00:00,2020-03-12 00:00:00.000,NULL,NULL,NULL,NULL,NULL,NULL,NULL,NULL,NULL,NULL,NULL,NULL,NULL,NULL,NULL,0,NULL
245,8,2,1,09:00:00,14:45:00,2020-03-19 00:00:00.000,NULL,NULL,NULL,NULL,NULL,NULL,NULL,NULL,NULL,NULL,NULL,NULL,NULL,NULL,NULL,0,NULL
246,8,2,1,15:00:00,16:15:00,2020-04-27 00:00:00.000,NULL,NULL,NULL,NULL,NULL,NULL,NULL,NULL,NULL,NULL,NULL,NULL,NULL,NULL,NULL,0,NULL
247,8,2,1,15:00:00,16:45:00,2020-05-18 00:00:00.000,NULL,NULL,NULL,NULL,NULL,NULL,NULL,NULL,NULL,NULL,NULL,NULL,NULL,NULL,NULL,0,NULL
248,8,2,1,10:00:00,13:15:00,2020-05-26 00:00:00.000,NULL,NULL,NULL,NULL,NULL,NULL,NULL,NULL,NULL,NULL,NULL,NULL,NULL,NULL,NULL,0,NULL
249,8,2,1,14:00:00,17:00:00,2020-05-26 00:00:00.000,NULL,NULL,NULL,NULL,NULL,NULL,NULL,NULL,NULL,NULL,NULL,NULL,NULL,NULL,NULL,0,NULL
250,8,2,0,10:00:00,15:00:00,2020-05-25 00:00:00.000,NULL,NULL,NULL,NULL,NULL,NULL,NULL,NULL,NULL,NULL,NULL,NULL,NULL,NULL,NULL,0,NULL
251,8,2,1,09:00:00,10:00:00,2020-06-05 00:00:00.000,NULL,NULL,NULL,NULL,NULL,NULL,NULL,NULL,NULL,NULL,NULL,NULL,NULL,NULL,NULL,0,NULL
252,8,2,0,18:00:00,19:00:00,2020-06-05 00:00:00.000,NULL,NULL,NULL,NULL,NULL,NULL,NULL,NULL,NULL,NULL,NULL,NULL,NULL,NULL,NULL,0,NULL
253,8,2,1,09:00:00,13:15:00,2020-06-11 00:00:00.000,NULL,NULL,NULL,NULL,NULL,NULL,NULL,NULL,NULL,NULL,NULL,NULL,NULL,NULL,NULL,0,NULL
254,8,2,1,14:00:00,16:15:00,2020-06-11 00:00:00.000,NULL,NULL,NULL,NULL,NULL,NULL,NULL,NULL,NULL,NULL,NULL,NULL,NULL,NULL,NULL,0,NULL
255,8,2,1,09:00:00,13:15:00,2020-06-18 00:00:00.000,NULL,NULL,NULL,NULL,NULL,NULL,NULL,NULL,NULL,NULL,NULL,NULL,NULL,NULL,NULL,0,NULL
256,8,2,1,14:00:00,14:45:00,2020-06-18 00:00:00.000,NULL,NULL,NULL,NULL,NULL,NULL,NULL,NULL,NULL,NULL,NULL,NULL,NULL,NULL,NULL,0,NULL
257,8,2,1,09:00:00,13:00:00,2020-06-25 00:00:00.000,NULL,NULL,NULL,NULL,NULL,NULL,NULL,NULL,NULL,NULL,NULL,NULL,NULL,NULL,NULL,0,NULL
258,8,2,1,14:00:00,16:15:00,2020-06-25 00:00:00.000,NULL,NULL,NULL,NULL,NULL,NULL,NULL,NULL,NULL,NULL,NULL,NULL,NULL,NULL,NULL,0,NULL
259,8,2,1,15:00:00,18:00:00,2020-06-08 00:00:00.000,NULL,NULL,NULL,NULL,NULL,NULL,NULL,NULL,NULL,NULL,NULL,NULL,NULL,NULL,NULL,0,NULL
260,8,2,1,15:00:00,18:00:00,2020-06-15 00:00:00.000,NULL,NULL,NULL,NULL,NULL,NULL,NULL,NULL,NULL,NULL,NULL,NULL,NULL,NULL,NULL,0,NULL
261,8,2,1,15:00:00,18:00:00,2020-06-22 00:00:00.000,NULL,NULL,NULL,NULL,NULL,NULL,NULL,NULL,NULL,NULL,NULL,NULL,NULL,NULL,NULL,0,NULL
262,8,2,0,15:00:00,18:00:00,2020-06-29 00:00:00.000,NULL,NULL,NULL,NULL,NULL,NULL,NULL,NULL,NULL,NULL,NULL,NULL,NULL,NULL,NULL,0,NULL
263,8,2,1,14:45:00,17:00:00,2020-06-18 00:00:00.000,NULL,NULL,NULL,NULL,NULL,NULL,NULL,NULL,NULL,NULL,NULL,NULL,NULL,NULL,NULL,0,NULL
264,8,2,1,13:15:00,14:00:00,2020-06-18 00:00:00.000,NULL,NULL,NULL,NULL,NULL,NULL,NULL,NULL,NULL,NULL,NULL,NULL,NULL,NULL,NULL,0,NULL
265,20,2,1,13:45:00,14:00:00,2020-06-23 00:00:00.000,NULL,NULL,NULL,NULL,NULL,NULL,NULL,NULL,NULL,NULL,NULL,NULL,NULL,NULL,NULL,0,NULL
266,20,2,0,09:00:00,10:30:00,2020-09-09 00:00:00.000,NULL,NULL,NULL,NULL,NULL,NULL,NULL,NULL,NULL,NULL,NULL,NULL,NULL,NULL,NULL,0,NULL
267,20,2,0,09:00:00,10:00:00,2020-09-23 00:00:00.000,NULL,NULL,NULL,NULL,NULL,NULL,NULL,NULL,NULL,NULL,NULL,NULL,NULL,NULL,NULL,0,NULL
268,20,2,1,13:15:00,14:00:00,2020-09-09 00:00:00.000,NULL,NULL,NULL,NULL,NULL,NULL,NULL,NULL,NULL,NULL,NULL,NULL,NULL,NULL,NULL,0,NULL
269,20,2,0,09:00:00,09:45:00,2020-09-16 00:00:00.000,NULL,NULL,NULL,NULL,NULL,NULL,NULL,NULL,NULL,NULL,NULL,NULL,NULL,NULL,NULL,0,NULL
270,20,2,1,13:15:00,14:15:00,2020-09-16 00:00:00.000,NULL,NULL,NULL,NULL,NULL,NULL,NULL,NULL,NULL,NULL,NULL,NULL,NULL,NULL,NULL,0,NULL
271,20,2,0,09:00:00,10:00:00,2020-09-30 00:00:00.000,NULL,NULL,NULL,NULL,NULL,NULL,NULL,NULL,NULL,NULL,NULL,NULL,NULL,NULL,NULL,0,NULL
272,20,2,1,13:15:00,14:15:00,2020-09-30 00:00:00.000,NULL,NULL,NULL,NULL,NULL,NULL,NULL,NULL,NULL,NULL,NULL,NULL,NULL,NULL,NULL,0,NULL
273,20,2,1,13:15:00,14:00:00,2020-09-23 00:00:00.000,NULL,NULL,NULL,NULL,NULL,NULL,NULL,NULL,NULL,NULL,NULL,NULL,NULL,NULL,NULL,0,NULL
274,8,2,1,09:00:00,13:15:00,2020-11-24 00:00:00.000,NULL,NULL,NULL,NULL,NULL,NULL,NULL,NULL,NULL,NULL,NULL,NULL,NULL,NULL,NULL,0,NULL
275,8,2,1,14:00:00,17:00:00,2020-11-24 00:00:00.000,NULL,NULL,NULL,NULL,NULL,NULL,NULL,NULL,NULL,NULL,NULL,NULL,NULL,NULL,NULL,0,NULL
276,8,2,1,15:00:00,17:00:00,2020-12-14 00:00:00.000,NULL,NULL,NULL,NULL,NULL,NULL,NULL,NULL,NULL,NULL,NULL,NULL,NULL,NULL,NULL,0,NULL
277,20,2,1,09:00:00,10:00:00,2020-12-16 00:00:00.000,NULL,NULL,NULL,NULL,NULL,NULL,NULL,NULL,NULL,NULL,NULL,NULL,NULL,NULL,NULL,0,NULL
278,20,2,1,14:15:00,17:00:00,2020-12-16 00:00:00.000,NULL,NULL,NULL,NULL,NULL,NULL,NULL,NULL,NULL,NULL,NULL,NULL,NULL,NULL,NULL,0,NULL
279,8,2,1,09:00:00,13:15:00,2020-12-31 00:00:00.000,NULL,NULL,NULL,NULL,NULL,NULL,NULL,NULL,NULL,NULL,NULL,NULL,NULL,NULL,NULL,0,NULL
280,20,2,0,09:00:00,13:15:00,2020-12-31 00:00:00.000,NULL,NULL,NULL,NULL,NULL,NULL,NULL,NULL,NULL,NULL,NULL,NULL,NULL,NULL,NULL,0,NULL
281,8,2,0,09:00:00,10:00:00,2021-02-01 00:00:00.000,NULL,NULL,NULL,NULL,NULL,NULL,NULL,NULL,NULL,NULL,NULL,NULL,NULL,NULL,NULL,0,NULL
282,8,2,1,09:00:00,13:15:00,2021-04-01 00:00:00.000,NULL,NULL,NULL,NULL,NULL,NULL,NULL,NULL,NULL,NULL,NULL,NULL,NULL,NULL,NULL,0,NULL
283,8,2,1,14:00:00,17:00:00,2021-04-01 00:00:00.000,NULL,NULL,NULL,NULL,NULL,NULL,NULL,NULL,NULL,NULL,NULL,NULL,NULL,NULL,NULL,0,NULL
284,8,2,0,09:00:00,13:15:00,2021-03-30 00:00:00.000,NULL,NULL,NULL,NULL,NULL,NULL,NULL,NULL,NULL,NULL,NULL,NULL,NULL,NULL,NULL,0,NULL
285,8,2,0,14:00:00,17:00:00,2021-03-30 00:00:00.000,NULL,NULL,NULL,NULL,NULL,NULL,NULL,NULL,NULL,NULL,NULL,NULL,NULL,NULL,NULL,0,NULL
286,20,2,0,09:00:00,13:15:00,2021-04-01 00:00:00.000,NULL,NULL,NULL,NULL,NULL,NULL,NULL,NULL,NULL,NULL,NULL,NULL,NULL,NULL,NULL,0,NULL
287,20,2,0,14:00:00,17:00:00,2021-04-01 00:00:00.000,NULL,NULL,NULL,NULL,NULL,NULL,NULL,NULL,NULL,NULL,NULL,NULL,NULL,NULL,NULL,0,NULL
288,8,2,1,09:00:00,13:15:00,2021-04-06 00:00:00.000,NULL,NULL,NULL,NULL,NULL,NULL,NULL,NULL,NULL,NULL,NULL,NULL,NULL,NULL,NULL,0,NULL
289,8,2,1,14:00:00,17:00:00,2021-04-06 00:00:00.000,NULL,NULL,NULL,NULL,NULL,NULL,NULL,NULL,NULL,NULL,NULL,NULL,NULL,NULL,NULL,0,NULL
290,8,2,1,09:00:00,10:00:00,2021-04-02 00:00:00.000,NULL,NULL,NULL,NULL,NULL,NULL,NULL,NULL,NULL,NULL,NULL,NULL,NULL,NULL,NULL,0,NULL
291,20,2,1,10:00:00,13:00:00,2021-04-16 00:00:00.000,NULL,NULL,NULL,NULL,NULL,NULL,NULL,NULL,NULL,NULL,NULL,NULL,NULL,NULL,NULL,0,NULL
292,20,2,1,13:45:00,17:15:00,2021-04-16 00:00:00.000,NULL,NULL,NULL,NULL,NULL,NULL,NULL,NULL,NULL,NULL,NULL,NULL,NULL,NULL,NULL,0,NULL
293,8,2,0,10:00:00,13:00:00,2021-04-16 00:00:00.000,NULL,NULL,NULL,NULL,NULL,NULL,NULL,NULL,NULL,NULL,NULL,NULL,NULL,NULL,NULL,0,NULL
294,8,2,0,13:45:00,18:30:00,2021-04-16 00:00:00.000,NULL,NULL,NULL,NULL,NULL,NULL,NULL,NULL,NULL,NULL,NULL,NULL,NULL,NULL,NULL,0,NULL
295,20,2,1,10:00:00,13:00:00,2021-04-23 00:00:00.000,NULL,NULL,NULL,NULL,NULL,NULL,NULL,NULL,NULL,NULL,NULL,NULL,NULL,NULL,NULL,0,NULL
296,20,2,1,13:45:00,18:30:00,2021-04-23 00:00:00.000,NULL,NULL,NULL,NULL,NULL,NULL,NULL,NULL,NULL,NULL,NULL,NULL,NULL,NULL,NULL,0,NULL
297,8,2,0,10:00:00,13:00:00,2021-04-23 00:00:00.000,NULL,NULL,NULL,NULL,NULL,NULL,NULL,NULL,NULL,NULL,NULL,NULL,NULL,NULL,NULL,0,NULL
298,8,2,0,13:45:00,18:30:00,2021-04-23 00:00:00.000,NULL,NULL,NULL,NULL,NULL,NULL,NULL,NULL,NULL,NULL,NULL,NULL,NULL,NULL,NULL,0,NULL
299,8,2,0,08:45:00,13:00:00,2021-04-17 00:00:00.000,NULL,NULL,NULL,NULL,NULL,NULL,NULL,NULL,NULL,NULL,NULL,NULL,NULL,NULL,NULL,0,NULL
300,8,2,0,13:45:00,17:00:00,2021-04-17 00:00:00.000,NULL,NULL,NULL,NULL,NULL,NULL,NULL,NULL,NULL,NULL,NULL,NULL,NULL,NULL,NULL,0,NULL
301,20,2,1,15:00:00,19:00:00,2021-04-19 00:00:00.000,NULL,NULL,NULL,NULL,NULL,NULL,NULL,NULL,NULL,NULL,NULL,NULL,NULL,NULL,NULL,0,NULL
302,8,2,1,18:30:00,19:00:00,2021-04-30 00:00:00.000,NULL,NULL,NULL,NULL,NULL,NULL,NULL,NULL,NULL,NULL,NULL,NULL,NULL,NULL,NULL,0,NULL
303,8,2,1,09:00:00,17:00:00,2021-07-08 00:00:00.000,NULL,NULL,NULL,NULL,NULL,NULL,NULL,NULL,NULL,NULL,NULL,NULL,NULL,NULL,NULL,0,NULL
304,20,2,0,09:00:00,13:15:00,2021-07-08 00:00:00.000,NULL,NULL,NULL,NULL,NULL,NULL,NULL,NULL,NULL,NULL,NULL,NULL,NULL,NULL,NULL,0,NULL
305,20,2,0,14:00:00,17:00:00,2021-07-08 00:00:00.000,NULL,NULL,NULL,NULL,NULL,NULL,NULL,NULL,NULL,NULL,NULL,NULL,NULL,NULL,NULL,0,NULL
306,8,2,1,09:00:00,13:15:00,2021-08-26 00:00:00.000,NULL,NULL,NULL,NULL,NULL,NULL,NULL,NULL,NULL,NULL,NULL,NULL,NULL,NULL,NULL,0,NULL
307,8,2,1,14:00:00,17:00:00,2021-08-26 00:00:00.000,NULL,NULL,NULL,NULL,NULL,NULL,NULL,NULL,NULL,NULL,NULL,NULL,NULL,NULL,NULL,0,NULL
308,8,2,1,09:00:00,13:15:00,2021-09-21 00:00:00.000,NULL,NULL,NULL,NULL,NULL,NULL,NULL,NULL,NULL,NULL,NULL,NULL,NULL,NULL,NULL,0,NULL
309,8,2,1,14:00:00,17:00:00,2021-09-21 00:00:00.000,NULL,NULL,NULL,NULL,NULL,NULL,NULL,NULL,NULL,NULL,NULL,NULL,NULL,NULL,NULL,0,NULL
310,20,2,0,14:00:00,17:00:00,2021-09-21 00:00:00.000,NULL,NULL,NULL,NULL,NULL,NULL,NULL,NULL,NULL,NULL,NULL,NULL,NULL,NULL,NULL,0,NULL
311,20,2,0,09:00:00,13:15:00,2021-09-21 00:00:00.000,NULL,NULL,NULL,NULL,NULL,NULL,NULL,NULL,NULL,NULL,NULL,NULL,NULL,NULL,NULL,0,NULL
312,20,2,0,09:00:00,13:15:00,2021-09-07 00:00:00.000,NULL,NULL,NULL,NULL,NULL,NULL,NULL,NULL,NULL,NULL,NULL,NULL,NULL,NULL,NULL,0,NULL
313,20,2,0,14:00:00,17:00:00,2021-09-07 00:00:00.000,NULL,NULL,NULL,NULL,NULL,NULL,NULL,NULL,NULL,NULL,NULL,NULL,NULL,NULL,NULL,0,NULL
314,8,2,1,09:00:00,13:15:00,2021-10-19 00:00:00.000,NULL,NULL,NULL,NULL,NULL,NULL,NULL,NULL,NULL,NULL,NULL,NULL,NULL,NULL,NULL,0,NULL
315,8,2,1,14:00:00,17:00:00,2021-10-19 00:00:00.000,NULL,NULL,NULL,NULL,NULL,NULL,NULL,NULL,NULL,NULL,NULL,NULL,NULL,NULL,NULL,0,NULL
316,20,2,1,14:00:00,17:00:00,2021-10-27 00:00:00.000,NULL,NULL,NULL,NULL,NULL,NULL,NULL,NULL,NULL,NULL,NULL,NULL,NULL,NULL,NULL,0,NULL
317,20,2,0,13:00:00,13:45:00,2021-10-27 00:00:00.000,NULL,NULL,NULL,NULL,NULL,NULL,NULL,NULL,NULL,NULL,NULL,NULL,NULL,NULL,NULL,0,NULL
318,20,2,0,09:00:00,13:15:00,2021-11-25 00:00:00.000,NULL,NULL,NULL,NULL,NULL,NULL,NULL,NULL,NULL,NULL,NULL,NULL,NULL,NULL,NULL,0,NULL
319,20,2,0,14:00:00,17:00:00,2021-11-25 00:00:00.000,NULL,NULL,NULL,NULL,NULL,NULL,NULL,NULL,NULL,NULL,NULL,NULL,NULL,NULL,NULL,0,NULL
320,8,2,1,09:00:00,13:15:00,2021-12-16 00:00:00.000,NULL,NULL,NULL,NULL,NULL,NULL,NULL,NULL,NULL,NULL,NULL,NULL,NULL,NULL,NULL,0,NULL
321,8,2,1,14:00:00,17:00:00,2021-12-16 00:00:00.000,NULL,NULL,NULL,NULL,NULL,NULL,NULL,NULL,NULL,NULL,NULL,NULL,NULL,NULL,NULL,0,NULL
322,20,2,1,09:00:00,13:00:00,2022-04-01 00:00:00.000,NULL,NULL,NULL,NULL,NULL,NULL,NULL,NULL,NULL,NULL,NULL,NULL,NULL,NULL,NULL,0,NULL
323,20,2,1,13:45:00,16:45:00,2022-04-01 00:00:00.000,NULL,NULL,NULL,NULL,NULL,NULL,NULL,NULL,NULL,NULL,NULL,NULL,NULL,NULL,NULL,0,NULL
324,8,2,0,10:00:00,13:00:00,2022-04-01 00:00:00.000,NULL,NULL,NULL,NULL,NULL,NULL,NULL,NULL,NULL,NULL,NULL,NULL,NULL,NULL,NULL,0,NULL
325,8,2,0,13:45:00,18:30:00,2022-04-01 00:00:00.000,NULL,NULL,NULL,NULL,NULL,NULL,NULL,NULL,NULL,NULL,NULL,NULL,NULL,NULL,NULL,0,NULL
326,8,2,0,09:00:00,13:00:00,2022-04-02 00:00:00.000,NULL,NULL,NULL,NULL,NULL,NULL,NULL,NULL,NULL,NULL,NULL,NULL,NULL,NULL,NULL,0,NULL
327,8,2,0,13:45:00,17:00:00,2022-04-02 00:00:00.000,NULL,NULL,NULL,NULL,NULL,NULL,NULL,NULL,NULL,NULL,NULL,NULL,NULL,NULL,NULL,0,NULL
328,8,2,1,09:00:00,13:15:00,2022-03-10 00:00:00.000,NULL,NULL,NULL,NULL,NULL,NULL,NULL,NULL,NULL,NULL,NULL,NULL,NULL,NULL,NULL,0,NULL
329,8,2,1,14:00:00,17:00:00,2022-03-10 00:00:00.000,NULL,NULL,NULL,NULL,NULL,NULL,NULL,NULL,NULL,NULL,NULL,NULL,NULL,NULL,NULL,0,NULL
330,20,2,0,09:00:00,13:15:00,2022-03-10 00:00:00.000,NULL,NULL,NULL,NULL,NULL,NULL,NULL,NULL,NULL,NULL,NULL,NULL,NULL,NULL,NULL,0,NULL
331,20,2,0,14:00:00,17:00:00,2022-03-10 00:00:00.000,NULL,NULL,NULL,NULL,NULL,NULL,NULL,NULL,NULL,NULL,NULL,NULL,NULL,NULL,NULL,0,NULL
332,8,2,1,09:00:00,13:15:00,2022-04-21 00:00:00.000,NULL,NULL,NULL,NULL,NULL,NULL,NULL,NULL,NULL,NULL,NULL,NULL,NULL,NULL,NULL,0,NULL
333,8,2,1,14:00:00,17:00:00,2022-04-21 00:00:00.000,NULL,NULL,NULL,NULL,NULL,NULL,NULL,NULL,NULL,NULL,NULL,NULL,NULL,NULL,NULL,0,NULL
334,8,2,1,09:00:00,13:15:00,2022-04-19 00:00:00.000,NULL,NULL,NULL,NULL,NULL,NULL,NULL,NULL,NULL,NULL,NULL,NULL,NULL,NULL,NULL,0,NULL
335,8,2,1,14:00:00,17:00:00,2022-04-19 00:00:00.000,NULL,NULL,NULL,NULL,NULL,NULL,NULL,NULL,NULL,NULL,NULL,NULL,NULL,NULL,NULL,0,NULL
336,20,2,0,09:00:00,13:15:00,2022-04-19 00:00:00.000,NULL,NULL,NULL,NULL,NULL,NULL,NULL,NULL,NULL,NULL,NULL,NULL,NULL,NULL,NULL,0,NULL
337,20,2,0,14:00:00,17:00:00,2022-04-19 00:00:00.000,NULL,NULL,NULL,NULL,NULL,NULL,NULL,NULL,NULL,NULL,NULL,NULL,NULL,NULL,NULL,0,NULL
338,20,2,0,09:00:00,13:15:00,2022-04-21 00:00:00.000,NULL,NULL,NULL,NULL,NULL,NULL,NULL,NULL,NULL,NULL,NULL,NULL,NULL,NULL,NULL,0,NULL
339,20,2,0,14:00:00,17:00:00,2022-04-21 00:00:00.000,NULL,NULL,NULL,NULL,NULL,NULL,NULL,NULL,NULL,NULL,NULL,NULL,NULL,NULL,NULL,0,NULL
340,20,2,1,09:00:00,10:00:00,2022-06-01 00:00:00.000,NULL,NULL,NULL,NULL,NULL,NULL,NULL,NULL,NULL,NULL,NULL,NULL,NULL,NULL,NULL,0,NULL
341,20,2,1,14:00:00,17:00:00,2022-06-01 00:00:00.000,NULL,NULL,NULL,NULL,NULL,NULL,NULL,NULL,NULL,NULL,NULL,NULL,NULL,NULL,NULL,0,NULL
342,20,2,0,13:00:00,14:00:00,2022-06-01 00:00:00.000,NULL,NULL,NULL,NULL,NULL,NULL,NULL,NULL,NULL,NULL,NULL,NULL,NULL,NULL,NULL,0,NULL
343,8,2,1,09:00:00,13:15:00,2022-05-24 00:00:00.000,NULL,NULL,NULL,NULL,NULL,NULL,NULL,NULL,NULL,NULL,NULL,NULL,NULL,NULL,NULL,0,NULL
344,8,2,1,14:00:00,17:00:00,2022-05-24 00:00:00.000,NULL,NULL,NULL,NULL,NULL,NULL,NULL,NULL,NULL,NULL,NULL,NULL,NULL,NULL,NULL,0,NULL
345,20,2,0,09:00:00,13:15:00,2022-05-24 00:00:00.000,NULL,NULL,NULL,NULL,NULL,NULL,NULL,NULL,NULL,NULL,NULL,NULL,NULL,NULL,NULL,0,NULL
346,20,2,0,14:00:00,17:00:00,2022-05-24 00:00:00.000,NULL,NULL,NULL,NULL,NULL,NULL,NULL,NULL,NULL,NULL,NULL,NULL,NULL,NULL,NULL,0,NULL
347,8,2,0,16:30:00,16:45:00,2022-08-12 00:00:00.000,NULL,NULL,NULL,NULL,NULL,NULL,NULL,NULL,NULL,NULL,NULL,NULL,NULL,NULL,NULL,0,NULL
348,8,2,1,09:00:00,13:15:00,2022-09-01 00:00:00.000,NULL,NULL,NULL,NULL,NULL,NULL,NULL,NULL,NULL,NULL,NULL,NULL,NULL,NULL,NULL,0,NULL
349,8,2,1,14:00:00,17:00:00,2022-09-01 00:00:00.000,NULL,NULL,NULL,NULL,NULL,NULL,NULL,NULL,NULL,NULL,NULL,NULL,NULL,NULL,NULL,0,NULL
350,20,2,0,09:00:00,13:15:00,2022-09-01 00:00:00.000,NULL,NULL,NULL,NULL,NULL,NULL,NULL,NULL,NULL,NULL,NULL,NULL,NULL,NULL,NULL,0,NULL
351,20,2,0,14:00:00,17:00:00,2022-09-01 00:00:00.000,NULL,NULL,NULL,NULL,NULL,NULL,NULL,NULL,NULL,NULL,NULL,NULL,NULL,NULL,NULL,0,NULL
352,20,2,1,09:00:00,13:15:00,2022-08-30 00:00:00.000,NULL,NULL,NULL,NULL,NULL,NULL,NULL,NULL,NULL,NULL,NULL,NULL,NULL,NULL,NULL,0,NULL
353,20,2,1,14:00:00,17:00:00,2022-08-30 00:00:00.000,NULL,NULL,NULL,NULL,NULL,NULL,NULL,NULL,NULL,NULL,NULL,NULL,NULL,NULL,NULL,0,NULL
354,20,2,1,13:15:00,14:00:00,2022-10-04 00:00:00.000,NULL,NULL,NULL,NULL,NULL,NULL,NULL,NULL,NULL,NULL,NULL,NULL,NULL,NULL,NULL,0,NULL
355,20,2,0,09:00:00,13:15:00,2022-11-24 00:00:00.000,NULL,NULL,NULL,NULL,NULL,NULL,NULL,NULL,NULL,NULL,NULL,NULL,NULL,NULL,NULL,0,NULL
356,20,2,0,14:00:00,17:00:00,2022-11-24 00:00:00.000,NULL,NULL,NULL,NULL,NULL,NULL,NULL,NULL,NULL,NULL,NULL,NULL,NULL,NULL,NULL,0,NULL
357,20,2,1,09:00:00,10:00:00,2022-11-23 00:00:00.000,NULL,NULL,NULL,NULL,NULL,NULL,NULL,NULL,NULL,NULL,NULL,NULL,NULL,NULL,NULL,0,NULL
358,20,2,1,14:00:00,17:00:00,2022-11-23 00:00:00.000,NULL,NULL,NULL,NULL,NULL,NULL,NULL,NULL,NULL,NULL,NULL,NULL,NULL,NULL,NULL,0,NULL
359,20,2,0,13:00:00,13:45:00,2022-11-23 00:00:00.000,NULL,NULL,NULL,NULL,NULL,NULL,NULL,NULL,NULL,NULL,NULL,NULL,NULL,NULL,NULL,0,NULL
360,8,2,1,09:00:00,13:15:00,2022-11-15 00:00:00.000,NULL,NULL,NULL,NULL,NULL,NULL,NULL,NULL,NULL,NULL,NULL,NULL,NULL,NULL,NULL,0,NULL
361,8,2,1,14:00:00,17:00:00,2022-11-15 00:00:00.000,NULL,NULL,NULL,NULL,NULL,NULL,NULL,NULL,NULL,NULL,NULL,NULL,NULL,NULL,NULL,0,NULL
362,20,2,0,09:00:00,13:15:00,2022-11-15 00:00:00.000,NULL,NULL,NULL,NULL,NULL,NULL,NULL,NULL,NULL,NULL,NULL,NULL,NULL,NULL,NULL,0,NULL
363,20,2,0,14:00:00,17:00:00,2022-11-15 00:00:00.000,NULL,NULL,NULL,NULL,NULL,NULL,NULL,NULL,NULL,NULL,NULL,NULL,NULL,NULL,NULL,0,NULL
364,8,2,1,09:00:00,13:15:00,2022-12-13 00:00:00.000,NULL,NULL,NULL,NULL,NULL,NULL,NULL,NULL,NULL,NULL,NULL,NULL,NULL,NULL,NULL,0,NULL
365,8,2,1,14:00:00,17:00:00,2022-12-13 00:00:00.000,NULL,NULL,NULL,NULL,NULL,NULL,NULL,NULL,NULL,NULL,NULL,NULL,NULL,NULL,NULL,0,NULL
366,20,2,0,09:00:00,13:15:00,2022-12-13 00:00:00.000,NULL,NULL,NULL,NULL,NULL,NULL,NULL,NULL,NULL,NULL,NULL,NULL,NULL,NULL,NULL,0,NULL
367,20,2,0,14:00:00,17:00:00,2022-12-13 00:00:00.000,NULL,NULL,NULL,NULL,NULL,NULL,NULL,NULL,NULL,NULL,NULL,NULL,NULL,NULL,NULL,0,NULL
