insurance_no,insurance_name,insurance_address1,insurance_address2,insurance_city,state_cd,insurance_zip_cd,insurance_phone_no,insurance_fax_no,insurance_contact,insurance_account_no,signature_onfile_allowed,print_address_on_form,payer_id,receiver_id,payer_sub_id,claim_receiver_type,print_diag_or_ref,print_date_service_from_to,claim_form_use,pay_sales_tax,insurance_type,payment_policy,insurance_coverage,supper_box10,supper_box9c,supper_box11,supper_box14,supper_box24c,supper_box24k,recall_month,benefit_reserve,case_allowance,sales_tax_reimberse,rounding,carrier_no,HCFA_Template,accept_elect_claim,HCFA_PrintAddr,payor_commid,payor_commsub,LoadBox32onHCFA,Load4Modifiers,ExtInsID,useCMS1500Only,AcceptAssign,HL7HoldForDelivery,Combine_CPT,Box25_Type,TaxCopay,ElgWebAddress,Acc_Mod_CB,Acc_Mod_Other,Other_Mod_CB,Other_Mod_Other,CL_Mod_CB,CL_Mod_Type,CL_Mod_Other,Frame_Mod_CB,Frame_Mod_Option,Opt_Mod_CB,Opt_Mod_LT,Opt_Mod_Material,Opt_Mod_Color,Opt_Mod_Other,Opt_Mod_CB_UseRTLT,LensTreat_Mod_CB,LensTreat_Mod_Other,Ready_Mod_CB,Ready_Mod_Other,Service_Mod_CB,Service_Mod_Type,Service_Mod_Other,Plano_Mod_CB,Plano_Mod_Option,Attn,Job_Title,Contact_Phone,Contact_Email,PopulateBox9D,AutoPopulateBox17,TransAmtOnHCFA,ActivationDate,RevisionDate,TerminationDate,BillSTtoPatient,DisplaySTonHCFA,HCFAOptForST,TaxOnlyPatient,InsNotes,OutputFormat,Opt_Mod_LT_UseRTLT,Opt_Mod_Material_UseRTLT,Opt_Mod_Color_UseRTLT,Opt_Mod_Other_UseRTLT,Ins_PPO_HMO,Ins_Policy_Type,PatientPaymentOnClaim,PatientPrimaryPaymentOnClaim,PopulateBox17BillProvider,TaxMinusWO,applyPQRI,brief_name,DefaultValueFromVSPAssistant,OriginalVSP,ICD10_Start_Date,TaxIDOnStatement
1,National Government Services,P.O Box 6178,SMNY0,Indianapolis,604,46206-6178,(866) 837-0241,,,,0,0,000,0,,0,0,0,,0,4,,100,,0,0,0,0,0,0,0,0,0,0,3,MEDICARE,1,1,SMNY0,,1,0,,0,1,0,0,2,0,,0,0,0,0,0,0,0,0,0,0,0,0,0,0,0,0,0,0,0,0,0,0,0,0,,,,,1,1,1,2010-09-18 00:00:00.000,2021-01-25 00:00:00.000,2028-09-15 00:00:00.000,0,1,1,0,,1,0,0,0,0,1091,1112,0,0,1,0,1,NGS,0,NULL,2015-10-01 00:00:00.000,0
2,New York Medicaid,One CSC Way,SKNY0,Rensselaer,65,12144,(800) 343-9000,,,,0,0,,0,,0,0,0,,0,5,,100,,0,0,0,0,0,0,0,0,0,0,8,MEDICARE,1,1,,,1,0,,0,1,0,0,2,0,,0,0,0,0,0,0,0,0,0,0,0,0,0,0,0,0,0,0,0,0,0,0,0,0,,,,,1,1,1,2010-09-18 00:00:00.000,2021-09-21 00:00:00.000,2031-01-01 00:00:00.000,0,1,1,0,,1,0,0,0,0,1091,1080,0,0,0,0,1,Medicaid,0,NULL,NULL,0
3,AmeriChoice of New York,P.O Box 7550,86048,Phoenix,593,85011,(866) 362-3368,,,,0,0,,0,,0,0,0,,0,202,,100,,0,0,0,0,0,0,0,0,0,0,8,MEDICARE,1,1,86048,,1,0,,0,1,0,0,2,0,,0,0,0,0,0,0,0,0,0,0,0,0,0,0,0,0,0,0,0,0,0,0,0,0,,,,,1,1,1,2010-09-18 00:00:00.000,2015-09-17 00:00:00.000,2021-09-15 00:00:00.000,0,1,1,0,,1,0,0,0,0,1091,1080,0,0,0,0,1,ANY,0,NULL,2015-09-01 00:00:00.000,NULL
4,HIP - Health Health Plan Of New York,P.O. BOX  2845,,New York,65,10116-2845,(866) 447-9717,,,,0,0,,0,,0,0,0,,0,202,,100,,0,0,0,0,0,0,0,0,0,0,3,MEDICARE,1,1,55247,,1,0,,0,1,0,0,2,0,,0,0,0,0,0,0,0,0,0,0,0,0,0,0,0,0,0,0,0,0,0,0,0,0,,,,,1,1,1,2010-09-18 00:00:00.000,2021-01-25 00:00:00.000,2028-09-15 00:00:00.000,0,1,1,0,,1,0,0,0,0,1091,1080,0,0,0,0,1,H-HHPNY,0,NULL,NULL,0
5,Oxford Health Plans,P.O BOX 7082,06111,Bridgeport,596,06601,(800) 666-1353,,,,0,0,,0,,0,0,0,,0,202,,100,,0,0,0,0,0,0,0,0,0,0,3,MEDICARE,1,1,06111,,1,0,,0,1,0,0,2,0,,0,0,0,0,0,0,0,0,0,0,0,0,0,0,0,0,0,0,0,0,0,0,0,0,,,,,1,1,1,2010-09-18 00:00:00.000,2021-01-25 00:00:00.000,2028-09-15 00:00:00.000,0,1,1,0,,1,0,0,0,0,1091,1080,0,0,0,0,1,OHP,0,NULL,NULL,0
6,Local 1199,Benefits and Pension Fund,,0,65,0,0,,,,0,0,,0,,0,0,0,,0,202,,100,,0,0,0,0,0,0,0,0,0,0,10,MEDICARE,1,1,,,1,0,,0,1,0,0,1,0,,0,0,0,0,0,0,0,0,0,0,0,0,0,0,0,0,0,0,0,0,0,0,0,0,,,,,0,1,1,2010-09-18 00:00:00.000,2021-01-25 00:00:00.000,2028-09-15 00:00:00.000,0,1,1,0,,1,0,0,0,0,1091,1080,0,0,0,0,1,1199,0,NULL,2015-10-01 00:00:00.000,0
7,Local 371Social Service Employee,111,,111,65,1111,111111,,,,0,0,,0,,0,0,0,,0,202,,100,,0,0,0,0,0,0,0,0,0,0,10,MEDICARE,1,0,,,0,0,,0,1,0,0,1,0,,0,0,0,0,0,0,0,0,0,0,0,0,0,0,0,0,0,0,0,0,0,0,0,0,,,,,0,1,1,2010-09-18 00:00:00.000,2022-02-08 00:00:00.000,2030-09-15 00:00:00.000,0,1,1,0,,1,0,0,0,0,1091,1080,0,0,0,0,0,L3SE,0,NULL,NULL,0
8,Davis Vision,1111111,,111111,616,11111,11111,,,,0,0,,0,,0,0,0,,0,202,,100,,0,0,0,0,0,0,0,0,0,0,3,MEDICARE,1,1,,,1,0,,0,1,0,0,1,0,,0,0,0,0,0,0,0,0,0,0,0,0,0,0,0,0,0,0,0,0,0,0,0,0,,,,,0,1,1,2010-09-18 00:00:00.000,2021-09-17 00:00:00.000,2031-01-01 00:00:00.000,0,1,1,0,,1,0,0,0,0,1091,1080,0,0,0,0,0,DV,0,NULL,NULL,0
9,"Health Net of the Northeast, Inc",P.O BOX 14700,06108,Lexington,607,40512,,,,,0,0,,0,,0,0,0,,0,202,,100,,0,0,0,0,0,0,0,0,0,0,8,MEDICARE,0,1,06108,,1,0,,0,1,0,0,1,0,,NULL,NULL,NULL,NULL,NULL,NULL,NULL,NULL,NULL,NULL,NULL,NULL,NULL,NULL,NULL,NULL,NULL,NULL,NULL,NULL,NULL,NULL,NULL,NULL,,,,,0,1,1,2010-09-18 00:00:00.000,2011-09-18 00:00:00.000,2021-09-15 00:00:00.000,0,1,1,0,,1,NULL,NULL,NULL,NULL,NULL,1080,NULL,NULL,0,NULL,0,HNtNI,NULL,NULL,NULL,NULL
10,United Healthcare,2 Penn Plaza,87726,New York,65,10121,(877) 842-3210,,,,0,0,,0,,0,0,0,,0,202,,100,,0,0,0,0,0,0,0,0,0,0,3,MEDICARE,1,1,87726,,1,0,,0,1,0,0,2,0,,0,0,0,0,0,0,0,0,0,0,0,0,0,0,0,0,0,0,0,0,0,0,0,0,,,,,1,1,1,2010-09-18 00:00:00.000,2021-08-16 00:00:00.000,2028-09-15 00:00:00.000,0,1,1,0,,1,0,0,0,0,1091,1080,0,0,0,0,1,UH,0,NULL,NULL,0
11,GHI - NY,P.O. Box 2832,,New York,65,10116-2832,000000,,,,0,0,,0,,0,0,0,,0,202,,100,,0,0,0,0,0,0,0,0,0,0,8,MEDICARE,1,1,13551,,1,0,,0,1,0,0,2,0,,0,0,0,0,0,0,0,0,0,0,0,0,0,0,0,0,0,0,0,0,0,0,0,0,,,,,0,1,1,2010-09-18 00:00:00.000,2014-09-16 00:00:00.000,2014-09-14 00:00:00.000,0,1,1,0,,1,0,0,0,0,1091,1080,0,0,0,0,0,G-N,0,NULL,NULL,NULL
12,New York Presbyterian Com. Health Plan,,,,0,,,,,,0,0,,0,,0,0,0,,0,202,,100,,0,0,0,0,0,0,0,0,0,0,8,MEDICARE,0,1,,,1,0,,0,1,0,0,1,0,,NULL,NULL,NULL,NULL,NULL,NULL,NULL,NULL,NULL,NULL,NULL,NULL,NULL,NULL,NULL,NULL,NULL,NULL,NULL,NULL,NULL,NULL,NULL,NULL,,,,,0,1,1,2010-09-18 00:00:00.000,2011-09-18 00:00:00.000,2021-09-15 00:00:00.000,0,1,1,0,,1,NULL,NULL,NULL,NULL,NULL,1080,NULL,NULL,0,NULL,0,NYPCHP,NULL,NULL,NULL,NULL
13,Davis Vision/Vision Care Processing,P.O. Box 1525,,Latham,65,12110,(800) 328-4728,,,,0,0,,0,,0,0,0,,0,202,,100,,0,0,0,0,0,0,0,0,0,0,8,MEDICARE,1,1,,,1,0,,0,1,0,0,2,0,,0,0,0,0,0,0,0,0,0,0,0,0,0,0,0,0,0,0,0,0,0,0,0,0,,,,,1,1,1,2010-09-18 00:00:00.000,2021-09-17 00:00:00.000,2031-01-01 00:00:00.000,0,1,1,0,,1,0,0,0,0,1091,1080,0,0,0,0,1,HF,0,NULL,2015-10-01 00:00:00.000,0
14,PBA,,,,0,,,,,,0,0,,0,,0,0,0,,0,202,,100,,0,0,0,0,0,0,0,0,0,0,8,MEDICARE,0,1,,,1,0,,0,1,0,0,1,0,,NULL,NULL,NULL,NULL,NULL,NULL,NULL,NULL,NULL,NULL,NULL,NULL,NULL,NULL,NULL,NULL,NULL,NULL,NULL,NULL,NULL,NULL,NULL,NULL,,,,,0,1,1,2010-09-18 00:00:00.000,2011-09-18 00:00:00.000,2021-09-15 00:00:00.000,0,1,1,0,,1,NULL,NULL,NULL,NULL,NULL,1080,NULL,NULL,0,NULL,0,PBA,NULL,NULL,NULL,NULL
15,Teamsters,,,,0,,,,,,0,0,,0,,0,0,0,,0,202,,100,,0,0,0,0,0,0,0,0,0,0,8,MEDICARE,0,1,,,1,0,,0,1,0,0,1,0,,NULL,NULL,NULL,NULL,NULL,NULL,NULL,NULL,NULL,NULL,NULL,NULL,NULL,NULL,NULL,NULL,NULL,NULL,NULL,NULL,NULL,NULL,NULL,NULL,,,,,0,1,1,2010-09-18 00:00:00.000,2011-09-18 00:00:00.000,2021-09-15 00:00:00.000,0,1,1,0,,1,NULL,NULL,NULL,NULL,NULL,1080,NULL,NULL,0,NULL,0,Teamster,NULL,NULL,NULL,NULL
16,Carpenters ins,,,,0,,,,,,0,0,,0,,0,0,0,,0,202,,100,,0,0,0,0,0,0,0,0,0,0,8,MEDICARE,0,1,,,1,0,,0,1,0,0,1,0,,NULL,NULL,NULL,NULL,NULL,NULL,NULL,NULL,NULL,NULL,NULL,NULL,NULL,NULL,NULL,NULL,NULL,NULL,NULL,NULL,NULL,NULL,NULL,NULL,,,,,0,1,1,2010-09-18 00:00:00.000,2011-09-18 00:00:00.000,2021-09-15 00:00:00.000,0,1,1,0,,1,NULL,NULL,NULL,NULL,NULL,1080,NULL,NULL,0,NULL,0,Ci,NULL,NULL,NULL,NULL
17,Local 32 BJ,,,,0,,,,,,0,0,,0,,0,0,0,,0,202,,100,,0,0,0,0,0,0,0,0,0,0,8,MEDICARE,0,1,,,1,0,,0,1,0,0,1,0,,NULL,NULL,NULL,NULL,NULL,NULL,NULL,NULL,NULL,NULL,NULL,NULL,NULL,NULL,NULL,NULL,NULL,NULL,NULL,NULL,NULL,NULL,NULL,NULL,,,,,0,1,1,2010-09-18 00:00:00.000,2011-09-18 00:00:00.000,2021-09-15 00:00:00.000,0,1,1,0,,1,NULL,NULL,NULL,NULL,NULL,1080,NULL,NULL,0,NULL,0,L3B,NULL,NULL,NULL,NULL
18,DC 37,,,,0,,,,,,0,0,,0,,0,0,0,,0,202,,100,,0,0,0,0,0,0,0,0,0,0,8,MEDICARE,0,1,,,1,0,,0,1,0,0,1,0,,NULL,NULL,NULL,NULL,NULL,NULL,NULL,NULL,NULL,NULL,NULL,NULL,NULL,NULL,NULL,NULL,NULL,NULL,NULL,NULL,NULL,NULL,NULL,NULL,,,,,0,1,1,2010-09-18 00:00:00.000,2011-09-18 00:00:00.000,2021-09-15 00:00:00.000,0,1,1,0,,1,NULL,NULL,NULL,NULL,NULL,1080,NULL,NULL,0,NULL,0,DC 37,NULL,NULL,NULL,NULL
19,Local 1-2 Con Edison,,,,0,,,,,,0,0,,0,,0,0,0,,0,4,,0,,0,0,0,0,0,0,0,0,0,0,8,MEDICARE,0,1,,,1,0,,0,1,0,0,1,0,,NULL,NULL,NULL,NULL,NULL,NULL,NULL,NULL,NULL,NULL,NULL,NULL,NULL,NULL,NULL,NULL,NULL,NULL,NULL,NULL,NULL,NULL,NULL,NULL,,,,,0,1,1,2010-09-18 00:00:00.000,2011-09-18 00:00:00.000,2021-09-15 00:00:00.000,0,1,1,0,,1,NULL,NULL,NULL,NULL,NULL,1080,NULL,NULL,0,NULL,1,L1CE,NULL,NULL,NULL,NULL
20,Local 88 Amalgameted workers union,,,,0,,,,,,0,0,,0,,0,0,0,,0,202,,100,,0,0,0,0,0,0,0,0,0,0,8,MEDICARE,0,1,,,1,0,,0,1,0,0,1,0,,NULL,NULL,NULL,NULL,NULL,NULL,NULL,NULL,NULL,NULL,NULL,NULL,NULL,NULL,NULL,NULL,NULL,NULL,NULL,NULL,NULL,NULL,NULL,NULL,,,,,0,1,1,2010-09-18 00:00:00.000,2011-09-18 00:00:00.000,2021-09-15 00:00:00.000,0,1,1,0,,1,NULL,NULL,NULL,NULL,NULL,1080,NULL,NULL,0,NULL,0,L8Awu,NULL,NULL,NULL,NULL
21,Local 485 I.U.E.,,,,0,,,,,,0,0,,0,,0,0,0,,0,202,,100,,0,0,0,0,0,0,0,0,0,0,8,MEDICARE,0,1,,,1,0,,0,1,0,0,1,0,,NULL,NULL,NULL,NULL,NULL,NULL,NULL,NULL,NULL,NULL,NULL,NULL,NULL,NULL,NULL,NULL,NULL,NULL,NULL,NULL,NULL,NULL,NULL,NULL,,,,,0,1,1,2010-09-18 00:00:00.000,2011-09-18 00:00:00.000,2021-09-15 00:00:00.000,0,1,1,0,,1,NULL,NULL,NULL,NULL,NULL,1080,NULL,NULL,0,NULL,0,L4I,NULL,NULL,NULL,NULL
22,lOCAL 1180 CWA,,,,0,,,,,,0,0,,0,,0,0,0,,0,202,,100,,0,0,0,0,0,0,0,0,0,0,8,MEDICARE,0,1,,,1,0,,0,1,0,0,1,0,,NULL,NULL,NULL,NULL,NULL,NULL,NULL,NULL,NULL,NULL,NULL,NULL,NULL,NULL,NULL,NULL,NULL,NULL,NULL,NULL,NULL,NULL,NULL,NULL,,,,,0,1,1,2010-09-18 00:00:00.000,2011-09-18 00:00:00.000,2021-09-15 00:00:00.000,0,1,1,0,,1,NULL,NULL,NULL,NULL,NULL,1080,NULL,NULL,0,NULL,0,l1C,NULL,NULL,NULL,NULL
23,Local 854,,,,0,,,,,,0,0,,0,,0,0,0,,0,202,,100,,0,0,0,0,0,0,0,0,0,0,8,MEDICARE,0,1,,,1,0,,0,1,0,0,1,0,,NULL,NULL,NULL,NULL,NULL,NULL,NULL,NULL,NULL,NULL,NULL,NULL,NULL,NULL,NULL,NULL,NULL,NULL,NULL,NULL,NULL,NULL,NULL,NULL,,,,,0,1,1,2010-09-18 00:00:00.000,2011-09-18 00:00:00.000,2021-09-15 00:00:00.000,0,1,1,0,,1,NULL,NULL,NULL,NULL,NULL,1080,NULL,NULL,0,NULL,0,Local854,NULL,NULL,NULL,NULL
24,CSA Welfare fund,,,,0,,,,,,0,0,,0,,0,0,0,,0,202,,100,,0,0,0,0,0,0,0,0,0,0,8,MEDICARE,0,1,,,1,0,,0,1,0,0,1,0,,NULL,NULL,NULL,NULL,NULL,NULL,NULL,NULL,NULL,NULL,NULL,NULL,NULL,NULL,NULL,NULL,NULL,NULL,NULL,NULL,NULL,NULL,NULL,NULL,,,,,0,1,1,2010-09-18 00:00:00.000,2011-09-18 00:00:00.000,2021-09-15 00:00:00.000,0,1,1,0,,1,NULL,NULL,NULL,NULL,NULL,1080,NULL,NULL,0,NULL,0,CWf,NULL,NULL,NULL,NULL
25,N.Y.C District Council of Carpenters,,,,0,,,,,,0,0,,0,,0,0,0,,0,202,,100,,0,0,0,0,0,0,0,0,0,0,8,MEDICARE,0,1,,,1,0,,0,1,0,0,1,0,,NULL,NULL,NULL,NULL,NULL,NULL,NULL,NULL,NULL,NULL,NULL,NULL,NULL,NULL,NULL,NULL,NULL,NULL,NULL,NULL,NULL,NULL,NULL,NULL,,,,,0,1,1,2010-09-18 00:00:00.000,2011-09-18 00:00:00.000,2021-09-15 00:00:00.000,0,1,1,0,,1,NULL,NULL,NULL,NULL,NULL,1080,NULL,NULL,0,NULL,0,NDCC,NULL,NULL,NULL,NULL
26,Con Edison Utility Workers Local 1-2,,,,0,,,,,,0,0,,0,,0,0,0,,0,202,,100,,0,0,0,0,0,0,0,0,0,0,8,MEDICARE,0,1,,,1,0,,0,1,0,0,1,0,,NULL,NULL,NULL,NULL,NULL,NULL,NULL,NULL,NULL,NULL,NULL,NULL,NULL,NULL,NULL,NULL,NULL,NULL,NULL,NULL,NULL,NULL,NULL,NULL,,,,,0,1,1,2010-09-18 00:00:00.000,2011-09-18 00:00:00.000,2021-09-15 00:00:00.000,0,1,1,0,,1,NULL,NULL,NULL,NULL,NULL,1080,NULL,NULL,0,NULL,0,CEUWL1,NULL,NULL,NULL,NULL
27,Correction Captains Association,,,,0,,,,,,0,0,,0,,0,0,0,,0,202,,100,,0,0,0,0,0,0,0,0,0,0,8,MEDICARE,0,1,,,1,0,,0,1,0,0,1,0,,NULL,NULL,NULL,NULL,NULL,NULL,NULL,NULL,NULL,NULL,NULL,NULL,NULL,NULL,NULL,NULL,NULL,NULL,NULL,NULL,NULL,NULL,NULL,NULL,,,,,0,1,1,2010-09-18 00:00:00.000,2011-09-18 00:00:00.000,2021-09-15 00:00:00.000,0,1,1,0,,1,NULL,NULL,NULL,NULL,NULL,1080,NULL,NULL,0,NULL,0,CCA,NULL,NULL,NULL,NULL
28,Uniformed Fire Fighters Association,,,,0,,,,,,0,0,,0,,0,0,0,,0,202,,100,,0,0,0,0,0,0,0,0,0,0,8,MEDICARE,0,1,,,1,0,,0,1,0,0,1,0,,NULL,NULL,NULL,NULL,NULL,NULL,NULL,NULL,NULL,NULL,NULL,NULL,NULL,NULL,NULL,NULL,NULL,NULL,NULL,NULL,NULL,NULL,NULL,NULL,,,,,0,1,1,2010-09-18 00:00:00.000,2011-09-18 00:00:00.000,2021-09-15 00:00:00.000,0,1,1,0,,1,NULL,NULL,NULL,NULL,NULL,1080,NULL,NULL,0,NULL,0,UFFA,NULL,NULL,NULL,NULL
29,GuildNet,1564 Northeast Expressway,Mail Stop: HQ-2361 ,Atlanta,600,30329,(866) 775-8860,,,,0,0,,0,,0,0,0,,0,202,,100,,0,0,0,0,0,0,0,0,0,0,3,MEDICARE,1,1,,,1,0,,0,1,0,0,2,0,,0,0,0,0,0,0,0,0,0,0,0,0,0,0,0,0,0,0,0,0,0,0,0,0,,,,,1,1,1,2010-09-18 00:00:00.000,2018-09-07 00:00:00.000,2018-09-07 00:00:00.000,0,1,1,0,,1,0,0,0,0,1091,1080,0,0,0,0,1,GuildNet,0,NULL,NULL,NULL
30,Empire Blue Cross Blue Shield Of New Yor,One Liberty Plaza,ICD10,New York,65,10006,(800) 552-6630,,,,0,0,,0,,0,0,0,,0,202,,100,,0,0,0,0,0,0,0,0,0,0,3,MEDICARE,1,1,SB803,,1,0,,0,1,0,0,2,0,,0,0,0,0,0,0,0,0,0,0,0,0,0,0,0,0,0,0,0,0,0,0,0,0,,,,,1,1,1,2010-09-18 00:00:00.000,2021-01-25 00:00:00.000,2028-09-15 00:00:00.000,0,1,1,0,,1,0,0,0,0,1091,1080,0,0,1,0,1,EBCBSNY,0,NULL,2015-10-01 00:00:00.000,0
31,UFT,111,,1111,65,111,111111,,,,0,0,,0,,0,0,0,,0,202,,100,,0,0,0,0,0,0,0,0,0,0,8,MEDICARE,1,1,,,1,0,,0,1,0,0,1,0,,0,0,0,0,0,0,0,0,0,0,0,0,0,0,0,0,0,0,0,0,0,0,0,0,,,,,0,1,1,2010-09-18 00:00:00.000,2021-09-21 00:00:00.000,2031-01-01 00:00:00.000,0,1,1,0,,1,0,0,0,0,1091,1080,0,0,0,0,0,UFT,0,NULL,NULL,0
32,VSP,11111,,1111,65,11111,11111,,,,0,0,,0,,0,0,0,,0,202,,100,,0,0,0,0,0,0,0,0,0,0,8,MEDICARE,1,1,,,1,0,,0,1,0,0,1,0,,0,0,0,0,0,0,0,0,0,0,0,0,0,0,0,0,0,0,0,0,0,0,0,0,,,,,0,1,1,2010-09-18 00:00:00.000,2021-09-17 00:00:00.000,2031-01-01 00:00:00.000,0,1,1,0,,1,0,0,0,0,1091,1080,0,0,0,0,0,VSP,0,NULL,NULL,0
33,Wellcare Health Plan,PO Box 31372,,Tampa,538,33631-3372,(888) 751-3271,,,,0,0,,0,,0,0,0,,0,202,,100,,0,0,0,0,0,0,0,0,0,0,3,MEDICARE,1,1,,,1,0,,0,1,0,0,2,0,,0,0,0,0,0,0,0,0,0,0,0,0,0,0,0,0,0,0,0,0,0,0,0,0,,,,,1,1,1,2010-09-18 00:00:00.000,2020-07-24 00:00:00.000,2026-09-15 00:00:00.000,0,1,1,0,,1,0,0,0,0,1091,1080,0,0,0,0,0,Wellcare,0,NULL,NULL,0
34,Spectera,11111,,brooklyn,65,11111,11111,,,,0,0,,0,,0,0,0,,0,202,,0,,0,0,0,0,0,0,0,0,0,0,8,MEDICARE,1,1,,,1,0,,0,1,0,0,1,0,,0,0,0,0,0,0,0,0,0,0,0,0,0,0,0,0,0,0,0,0,0,0,0,0,,,,,0,1,1,2010-09-18 00:00:00.000,2021-09-21 00:00:00.000,2031-01-01 00:00:00.000,0,1,1,0,,1,0,0,0,0,1091,1080,0,0,0,0,0,Spectera,0,NULL,NULL,0
35,Local 389,,,,65,,,,,,0,0,,0,,0,0,0,,0,4,,0,,0,0,0,0,0,0,0,0,0,0,3,MEDICARE,1,0,,,0,0,,0,1,0,0,1,0,,NULL,NULL,NULL,NULL,NULL,NULL,NULL,NULL,NULL,NULL,NULL,NULL,NULL,NULL,NULL,NULL,NULL,NULL,NULL,NULL,NULL,NULL,NULL,NULL,,,,,0,1,1,2010-09-18 00:00:00.000,2011-09-18 00:00:00.000,2021-09-15 00:00:00.000,0,1,1,0,,1,NULL,NULL,NULL,NULL,NULL,1080,NULL,NULL,0,NULL,1,Local389,NULL,NULL,NULL,NULL
36,Home First,6323 7Th Ave,,Brooklyn,65,11220,(718) 921-7772,,,,0,0,,0,,0,0,0,,0,5,,0,,0,0,0,0,0,0,0,0,0,0,8,MEDICARE,1,1,,,1,0,,0,1,0,0,2,0,,0,0,0,0,0,0,0,0,0,0,0,0,0,0,0,0,0,0,0,0,0,0,0,0,,,,,1,1,1,2010-09-18 00:00:00.000,2015-03-13 00:00:00.000,2021-09-15 00:00:00.000,0,1,1,0,,1,0,0,0,0,1091,1080,0,0,0,0,1,HF,0,NULL,NULL,NULL
37,Local Union 28,,,,0,,,,,,0,0,,0,,0,0,0,,0,4,,0,,0,0,0,0,0,0,0,0,0,0,8,MEDICARE,0,1,,,1,0,,0,1,0,0,1,0,,NULL,NULL,NULL,NULL,NULL,NULL,NULL,NULL,NULL,NULL,NULL,NULL,NULL,NULL,NULL,NULL,NULL,NULL,NULL,NULL,NULL,NULL,NULL,NULL,,,,,0,1,1,2010-09-18 00:00:00.000,2011-09-18 00:00:00.000,2021-09-15 00:00:00.000,0,1,1,0,,1,NULL,NULL,NULL,NULL,NULL,1080,NULL,NULL,0,NULL,1,LU2,NULL,NULL,NULL,NULL
38,NY BCBS Empire,,SB803,,0,,,,,,0,0,,0,,0,0,0,,0,202,,100,,0,0,0,0,0,0,0,0,0,0,8,MEDICARE,0,1,SB803,,1,0,,0,1,0,0,1,0,,NULL,NULL,NULL,NULL,NULL,NULL,NULL,NULL,NULL,NULL,NULL,NULL,NULL,NULL,NULL,NULL,NULL,NULL,NULL,NULL,NULL,NULL,NULL,NULL,,,,,0,1,1,2010-09-18 00:00:00.000,2011-09-18 00:00:00.000,2021-09-15 00:00:00.000,0,1,1,0,,1,NULL,NULL,NULL,NULL,NULL,1080,NULL,NULL,0,NULL,0,NBE,NULL,NULL,NULL,NULL
39,NHIC,P.O. Box 80,,Buffalo,65,14240-0080,(877) 869-6504,,,,0,0,,0,,0,0,0,,0,4,,100,,0,0,0,0,0,0,0,0,0,0,3,MEDICARE,1,1,SDMEA,6990,1,0,,0,1,0,0,2,0,,0,0,0,0,0,0,0,0,0,0,0,0,0,0,0,0,0,0,0,0,0,0,0,0,,,,,1,1,1,2010-09-18 00:00:00.000,2021-09-17 00:00:00.000,2031-01-01 00:00:00.000,0,1,1,0,,1,0,0,0,0,1091,1112,0,0,0,0,1,NHIC,0,NULL,NULL,0
40,Local 670 VIP,299 Broadway,Suite 1000,New York,65,10007,111-1111,,,,0,0,,0,,0,0,0,,0,202,,100,,0,0,0,0,0,0,0,0,0,0,8,MEDICARE,1,1,39634,,1,0,,0,1,0,0,2,0,,0,0,0,0,0,0,0,0,0,0,0,0,0,0,0,0,0,0,0,0,0,0,0,0,,,,,0,1,1,2010-09-18 00:00:00.000,2016-07-14 00:00:00.000,2021-09-15 00:00:00.000,0,1,1,0,,1,0,0,0,0,1091,1080,0,0,0,0,0,670,0,NULL,NULL,NULL
41,"HealthCare Partners, IPA",501 Franklin Ave,Suite 300,Garden City,65,11530,(800) 877-7587,,,,0,0,,0,,0,0,0,,0,202,,100,,0,0,0,0,0,0,0,0,0,0,3,MEDICARE,1,1,11328,,1,0,,0,1,0,0,2,0,,0,0,0,0,0,0,0,0,0,0,0,0,0,0,0,0,0,0,0,0,0,0,0,0,,,,,1,1,1,2010-09-18 00:00:00.000,2021-11-12 00:00:00.000,2025-09-15 00:00:00.000,0,1,1,0,,1,0,0,0,0,1091,1080,0,0,0,0,0,HPI,0,NULL,NULL,0
42,"GHI - NY (Group Health, Inc.)",P.O. Box 2832,13551,New York,65,10116-2832,(212) 501-4444,,,,0,0,,0,,0,0,0,,0,202,,100,,0,0,0,0,0,0,0,0,0,0,3,MEDICARE,1,1,13551,,1,0,,0,1,0,0,2,0,,0,0,0,0,0,0,0,0,0,0,0,0,0,0,0,0,0,0,0,0,0,0,0,0,,,,,1,1,1,2010-09-18 00:00:00.000,2021-01-25 00:00:00.000,2028-09-15 00:00:00.000,0,1,1,0,,1,0,0,0,0,1091,1080,0,0,0,0,1,G-NGHI,0,NULL,NULL,0
43,Affinity,,,,0,,,,,,0,0,,0,,0,0,0,,0,4,,0,,0,0,0,0,0,0,0,0,0,0,8,MEDICARE,0,1,,,1,0,,0,1,0,0,1,0,,NULL,NULL,NULL,NULL,NULL,NULL,NULL,NULL,NULL,NULL,NULL,NULL,NULL,NULL,NULL,NULL,NULL,NULL,NULL,NULL,NULL,NULL,NULL,NULL,,,,,0,1,1,2010-09-18 00:00:00.000,2011-09-18 00:00:00.000,2021-09-15 00:00:00.000,0,1,1,0,,1,NULL,NULL,NULL,NULL,NULL,1080,NULL,NULL,0,NULL,1,Affinity,NULL,NULL,NULL,NULL
44,Health Plus,,,,0,,,,,,0,0,,0,,0,0,0,,0,5,,0,,0,0,0,0,0,0,0,0,0,0,8,MEDICARE,0,1,,,1,0,,0,1,0,0,1,0,,NULL,NULL,NULL,NULL,NULL,NULL,NULL,NULL,NULL,NULL,NULL,NULL,NULL,NULL,NULL,NULL,NULL,NULL,NULL,NULL,NULL,NULL,NULL,NULL,,,,,0,1,1,2010-09-18 00:00:00.000,2011-09-18 00:00:00.000,2021-09-15 00:00:00.000,0,1,1,0,,1,NULL,NULL,NULL,NULL,NULL,1080,NULL,NULL,0,NULL,0,HP,NULL,NULL,NULL,NULL
45,VnsChoice,,,,0,,,,,,0,0,,0,,0,0,0,,0,4,,0,,0,0,0,0,0,0,0,0,0,0,3,MEDICARE,1,0,,,0,0,,0,1,0,0,1,0,,NULL,NULL,NULL,NULL,NULL,NULL,NULL,NULL,NULL,NULL,NULL,NULL,NULL,NULL,NULL,NULL,NULL,NULL,NULL,NULL,NULL,NULL,NULL,NULL,,,,,0,1,1,2010-09-18 00:00:00.000,2011-09-18 00:00:00.000,2021-09-15 00:00:00.000,0,1,1,0,,1,NULL,NULL,NULL,NULL,NULL,1080,NULL,NULL,0,NULL,1,VnsChoic,NULL,NULL,NULL,NULL
46,Empire BlueCross HealthPlus,P.O. Box 61010,,Virginia Beach,630,23466,(800) 454-3730,,,,0,0,,0,,0,0,0,,0,202,,0,,0,0,0,0,0,0,0,0,0,0,3,MEDICARE,1,1,,,1,0,,1,1,0,0,2,0,,0,0,0,0,0,0,0,0,0,0,0,0,0,0,0,0,0,0,0,0,0,0,0,0,,,,,1,1,1,2013-07-15 00:00:00.000,2021-01-25 00:00:00.000,2028-09-15 00:00:00.000,0,1,1,0,,1,0,0,0,0,1091,1112,0,0,1,0,1,Ameri,0,NULL,2015-10-01 00:00:00.000,0
47,MetroPlus Health Plan,P.O BOX,13265,New York,65,10016,(212) 908-3785,,,,0,0,,0,,0,0,0,,0,6,,100,,0,0,0,0,0,0,0,0,0,0,3,MEDICARE,1,1,13265,,1,0,,0,1,0,0,2,0,,0,0,0,0,0,0,0,0,0,0,0,0,0,0,0,0,0,0,0,0,0,0,0,0,,,,,1,1,1,2013-02-15 00:00:00.000,2021-01-25 00:00:00.000,2028-09-15 00:00:00.000,0,1,1,0,,1,0,0,0,0,1091,1080,0,0,1,0,1,MHP,0,NULL,NULL,0
48,Aetna,P.O. Box 981109,60054,El Paso,378,79998-1109,(888) 632-3862,,,,0,0,,0,,0,0,0,,0,202,,100,,0,0,0,0,0,0,0,0,0,0,3,MEDICARE,1,1,60054,,1,0,,0,1,0,0,2,0,,0,0,0,0,0,0,0,0,0,0,0,0,0,0,0,0,0,0,0,0,0,0,0,0,,,,,1,1,1,2010-09-18 00:00:00.000,2021-01-25 00:00:00.000,2028-09-15 00:00:00.000,0,1,1,0,,1,0,0,0,0,1091,1080,0,0,0,0,0,Aetna,0,NULL,NULL,0
49,CenterLight Healthcare,P.O. BOX 21546,,Eagan ,612,55121,111-1111,,,,0,0,,0,,0,0,0,,0,201,,0,,0,0,0,0,0,0,0,0,0,0,3,MEDICARE,1,0,,,0,0,,0,1,0,0,2,0,,0,0,0,0,0,0,0,0,0,0,0,0,0,0,0,0,0,0,0,0,0,0,0,0,,,,,1,1,1,2010-09-18 00:00:00.000,2021-09-17 00:00:00.000,2031-01-01 00:00:00.000,0,1,1,0,,1,0,0,0,0,1091,1080,0,0,0,0,1,Center,0,NULL,NULL,0
50,Eye Med,111111,,111111,65,11111,111-1111,,,,0,0,,0,,0,0,0,,0,202,,0,,0,0,0,0,0,0,0,0,0,0,8,MEDICARE,1,1,,,1,0,,0,1,0,0,1,0,,0,0,0,0,0,0,0,0,0,0,0,0,0,0,0,0,0,0,0,0,0,0,0,0,,,,,0,1,1,2010-09-18 00:00:00.000,2022-02-08 00:00:00.000,2030-09-15 00:00:00.000,0,1,1,0,,1,0,0,0,0,1091,1080,0,0,0,0,0,Eye Med,0,NULL,NULL,0
51,TOUCHSTONE HEALTH NY,,,,0,,,,,,0,0,,0,,0,0,0,,0,4,,0,,0,0,0,0,0,0,0,0,0,0,3,MEDICARE,1,0,,,0,0,,0,1,0,0,1,0,,NULL,NULL,NULL,NULL,NULL,NULL,NULL,NULL,NULL,NULL,NULL,NULL,NULL,NULL,NULL,NULL,NULL,NULL,NULL,NULL,NULL,NULL,NULL,NULL,,,,,0,1,1,2010-09-18 00:00:00.000,2011-09-18 00:00:00.000,2021-09-15 00:00:00.000,0,1,1,0,,1,NULL,NULL,NULL,NULL,NULL,1080,NULL,NULL,0,NULL,1,THN,NULL,NULL,NULL,NULL
52,Fidelis,P O BOX 1525,,Latham,619,12110,(800) 933-9371,,,,0,0,,0,,0,0,0,,0,5,,0,,0,0,0,0,0,0,0,0,0,0,8,MEDICARE,1,0,,,0,0,,0,1,0,0,2,0,,0,0,0,0,0,0,0,0,0,0,0,0,0,0,0,0,0,0,0,0,0,0,0,0,,,,,1,1,1,2010-09-18 00:00:00.000,2020-01-20 00:00:00.000,2026-09-15 00:00:00.000,0,1,1,0,,1,0,0,0,0,1091,1080,0,0,0,0,1,Fidelis,0,NULL,NULL,0
53,local 670,,,,0,,,,,,0,0,,0,,0,0,0,,0,202,,0,,0,0,0,0,0,0,0,0,0,0,8,MEDICARE,0,1,,,1,0,,0,1,0,0,1,0,,NULL,NULL,NULL,NULL,NULL,NULL,NULL,NULL,NULL,NULL,NULL,NULL,NULL,NULL,NULL,NULL,NULL,NULL,NULL,NULL,NULL,NULL,NULL,NULL,,,,,0,1,1,2010-09-18 00:00:00.000,2011-09-18 00:00:00.000,2021-09-15 00:00:00.000,0,1,1,0,,1,NULL,NULL,NULL,NULL,NULL,1080,NULL,NULL,0,NULL,0,local670,NULL,NULL,NULL,NULL
54,Cigna,PO Box 182223,,Chattanooga,627,37422,111-1111,,,,0,0,,0,,0,0,0,,0,202,,0,,0,0,0,0,0,0,0,0,0,0,3,MEDICARE,1,0,,,0,0,,0,1,0,0,2,0,,0,0,0,0,0,0,0,0,0,0,0,0,0,0,0,0,0,0,0,0,0,0,0,0,,,,,1,1,1,2010-09-18 00:00:00.000,2021-09-04 00:00:00.000,2028-09-15 00:00:00.000,0,1,1,0,,1,0,0,0,0,1091,1080,0,0,1,0,1,Cigna,0,NULL,NULL,0
55,Local 831 Sanitation Union,,,,0,,,,,,0,0,,0,,0,0,0,,0,202,,0,,0,0,0,0,0,0,0,0,0,0,8,MEDICARE,0,1,,,1,0,,0,1,0,0,1,0,,NULL,NULL,NULL,NULL,NULL,NULL,NULL,NULL,NULL,NULL,NULL,NULL,NULL,NULL,NULL,NULL,NULL,NULL,NULL,NULL,NULL,NULL,NULL,NULL,,,,,0,1,1,2010-09-18 00:00:00.000,2011-09-18 00:00:00.000,2021-09-15 00:00:00.000,0,1,1,0,,1,NULL,NULL,NULL,NULL,NULL,1080,NULL,NULL,0,NULL,0,L8SU,NULL,NULL,NULL,NULL
56,Local 338 Duane Reade Division,CPS OPTICAL,,New York,65,10005,(212) 675-5745,,,NULL,0,0,NULL,0,NULL,0,0,0,NULL,0,202,NULL,0,NULL,0,0,0,0,0,0,0,0,0,0,8,NULL,1,0,NULL,NULL,0,0,,0,1,NULL,NULL,1,0,,0,0,0,0,0,0,0,0,0,0,0,0,0,0,0,0,0,0,0,0,0,0,0,0,,,,,1,1,1,2011-12-02 00:00:00.000,2011-12-08 00:00:00.000,2019-12-02 00:00:00.000,0,1,1,0,,1,0,0,0,0,1091,1080,0,0,0,0,0,Local338,NULL,NULL,NULL,NULL
57,Consolidated Edison ,11 Hanover Square,,New York,65,10005,(212) 675-5745,,,NULL,0,0,NULL,0,NULL,0,0,0,NULL,0,202,NULL,0,NULL,0,0,0,0,0,0,0,0,0,0,8,NULL,1,0,NULL,NULL,0,0,,0,1,NULL,NULL,1,0,,0,0,0,0,0,0,0,0,0,0,0,0,0,0,0,0,0,0,0,0,0,0,0,0,,,,,1,0,1,2011-12-08 00:00:00.000,2011-12-08 00:00:00.000,2026-12-08 00:00:00.000,0,1,1,0,,1,0,0,0,0,1091,1112,0,0,0,0,0,Con Ed,NULL,NULL,NULL,NULL
59,March Vision Care,"6701 Center Drive West, Suite 790",5246,Los Angeles,56,90045,(888) 493-4070,,,NULL,0,0,NULL,0,NULL,0,0,0,NULL,0,202,NULL,0,NULL,0,0,0,0,0,0,0,0,0,0,8,NULL,1,0,NULL,NULL,0,0,,0,1,NULL,NULL,2,0,,0,0,0,0,0,0,0,0,0,0,0,0,0,0,0,0,0,0,0,0,0,0,0,0,,,,,1,1,1,2011-12-12 00:00:00.000,2021-09-17 00:00:00.000,2031-01-01 00:00:00.000,0,1,1,0,,1,0,0,0,0,1091,1080,0,0,0,0,0,MVC,0,NULL,NULL,0
60,"Elder Serve Health, c/o Relay Health",1564 Northeast Expressway,,"Mail Stop HQ-2361, Atlanta",600,30329,(800) 370-3600,(888) 777-8279,,NULL,0,0,NULL,0,NULL,0,0,0,NULL,0,202,NULL,0,NULL,0,0,0,0,0,0,0,0,0,0,3,NULL,1,0,NULL,NULL,0,0,,0,1,NULL,NULL,2,0,,0,0,0,0,0,0,0,0,0,0,0,0,0,0,0,0,0,0,0,0,0,0,0,0,,,,,1,1,1,2011-12-13 00:00:00.000,2021-01-25 00:00:00.000,2028-12-15 00:00:00.000,0,1,1,0,,1,0,0,0,0,1091,1080,0,0,1,0,1,ESH,0,NULL,NULL,0
61,Magnacare,P.O. Box 1001,11303,Garden City,65,11530,(800) 845-6592,,,NULL,0,0,NULL,0,NULL,0,0,0,NULL,0,202,NULL,0,NULL,0,0,0,0,0,0,0,0,0,0,3,NULL,1,0,NULL,NULL,0,0,,0,1,NULL,NULL,2,0,,0,0,0,0,0,0,0,0,0,0,0,0,0,0,0,0,0,0,0,0,0,0,0,0,,,,,1,1,1,2012-01-02 00:00:00.000,2020-02-13 00:00:00.000,2023-01-02 00:00:00.000,0,1,1,0,,1,0,0,0,0,1091,1080,0,0,1,0,0,Magnacar,0,NULL,NULL,0
62,Local 888,111,,111,65,11111,111111,,,NULL,0,0,NULL,0,NULL,0,0,0,NULL,0,202,NULL,0,NULL,0,0,0,0,0,0,0,0,0,0,8,NULL,1,0,NULL,NULL,0,0,,0,0,NULL,NULL,2,0,,0,0,0,0,0,0,0,0,0,0,0,0,0,0,0,0,0,0,0,0,0,0,0,0,,,,,0,0,1,2012-02-07 00:00:00.000,2012-02-07 00:00:00.000,2022-02-07 00:00:00.000,0,1,1,0,,1,0,0,0,0,1091,1112,0,0,0,0,0,Local888,NULL,NULL,NULL,NULL
63,United Healthcare Advantage Plans,PO Box 31362,,Salt Lake City,628,84131,(877) 842-3210,,,NULL,0,0,NULL,0,NULL,0,0,0,NULL,0,202,NULL,0,NULL,0,0,0,0,0,0,0,0,0,0,3,NULL,1,0,NULL,NULL,0,0,,0,1,NULL,NULL,2,0,,0,0,0,0,0,0,0,0,0,0,0,0,0,0,0,0,0,0,0,0,0,0,0,0,,,,,1,1,1,2012-03-07 00:00:00.000,2021-01-25 00:00:00.000,2028-03-07 00:00:00.000,0,1,1,0,,1,0,0,0,0,1091,1080,0,0,0,0,1,UH,0,NULL,NULL,0
64,NYSNA Welfare Fund,P.O Box 9005,,Lynbrook,65,11563,(800) 537-1238,,,NULL,0,0,NULL,0,NULL,0,0,0,NULL,0,200,NULL,0,NULL,0,0,0,0,0,0,0,0,0,0,8,NULL,1,0,NULL,NULL,0,0,,0,0,NULL,NULL,1,0,,0,0,0,0,0,0,0,0,0,0,0,0,0,0,0,0,0,0,0,0,0,0,0,0,,,,,0,0,1,2012-09-11 00:00:00.000,2012-09-11 00:00:00.000,2022-09-11 00:00:00.000,0,1,1,0,,1,0,0,0,0,1091,1112,0,0,0,0,0,NYSNA,NULL,NULL,NULL,NULL
65,Local 100,111,,Brooklyn,65,11223,111,,,NULL,0,0,NULL,0,NULL,0,0,0,NULL,0,202,NULL,0,NULL,0,0,0,0,0,0,0,0,0,0,8,NULL,1,0,NULL,NULL,0,0,,0,0,NULL,NULL,2,0,,0,0,0,0,0,0,0,0,0,0,0,0,0,0,0,0,0,0,0,0,0,0,0,0,,,,,0,0,1,2012-10-09 00:00:00.000,2012-10-09 00:00:00.000,2027-01-09 00:00:00.000,0,1,1,0,,1,0,0,0,0,1091,1112,0,0,0,0,0,Local100,NULL,NULL,NULL,NULL
66,Local 1181,111,,New York,65,10000,111-1111,,,NULL,0,0,NULL,0,NULL,0,0,0,NULL,0,202,NULL,0,NULL,0,0,0,0,0,0,0,0,0,0,8,NULL,1,0,NULL,NULL,0,0,,0,0,NULL,NULL,1,0,,0,0,0,0,0,0,0,0,0,0,0,0,0,0,0,0,0,0,0,0,0,0,0,0,,,,,0,0,1,2013-01-22 00:00:00.000,2013-01-22 00:00:00.000,2023-01-22 00:00:00.000,0,1,1,0,,1,0,0,0,0,1091,1112,0,0,0,0,0,1181,NULL,NULL,NULL,NULL
67,Partners in Commuinity Care,1111,,New York,65,11111,11111,,,NULL,0,0,NULL,0,NULL,0,0,0,NULL,0,4,NULL,0,NULL,0,0,0,0,0,0,0,0,0,0,8,NULL,1,0,NULL,NULL,0,0,,0,0,NULL,NULL,1,0,,0,0,0,0,0,0,0,0,0,0,0,0,0,0,0,0,0,0,0,0,0,0,0,0,,,,,0,0,1,2013-02-09 00:00:00.000,2013-02-09 00:00:00.000,2023-02-09 00:00:00.000,0,1,1,0,,1,0,0,0,0,1091,1075,0,0,0,0,0,Fidelis,NULL,NULL,NULL,NULL
68,Tristate Benefit Solutions,619 Oak Street,,Cincinnati,620,45206,(513) 569-5050,,,NULL,0,0,NULL,0,NULL,0,0,0,NULL,0,202,NULL,0,NULL,0,0,0,0,0,0,0,0,0,0,3,NULL,1,0,NULL,NULL,0,0,,0,1,NULL,NULL,2,0,,0,0,0,0,0,0,0,0,0,0,0,0,0,0,0,0,0,0,0,0,0,0,0,0,,,,,1,1,1,2013-02-01 00:00:00.000,2021-01-25 00:00:00.000,2028-02-09 00:00:00.000,0,1,1,0,,1,0,0,0,0,1091,1080,0,0,0,0,0,TBS,0,NULL,NULL,0
69,UMR,P.O. Box 30541,,Salt Lake City,628,84130-0541,(877) 233-1800,,,NULL,0,0,NULL,0,NULL,0,0,0,NULL,0,202,NULL,0,NULL,0,0,0,0,0,0,0,0,0,0,3,NULL,1,0,NULL,NULL,0,0,,0,1,NULL,NULL,2,0,,0,0,0,0,0,0,0,0,0,0,0,0,0,0,0,0,0,0,0,0,0,0,0,0,,,,,1,1,1,2013-03-01 00:00:00.000,2021-01-25 00:00:00.000,2028-03-01 00:00:00.000,0,1,1,0,,1,0,0,0,0,1091,1080,0,0,0,0,0,UMR,0,NULL,NULL,0
70,Senior Health Partners,345 E 102nd Street ,,New York,65,10029,(800) 633-9717,,,NULL,0,0,NULL,0,NULL,0,0,0,NULL,0,4,NULL,0,NULL,0,0,0,0,0,0,0,0,0,0,8,NULL,1,0,NULL,NULL,0,0,,1,1,NULL,NULL,2,0,,0,0,0,0,0,0,0,0,0,0,0,0,0,0,0,0,0,0,0,0,0,0,0,0,,,,,1,1,1,2013-03-01 00:00:00.000,2015-03-13 00:00:00.000,2025-05-03 00:00:00.000,0,1,1,0,,1,0,0,0,0,1091,1080,0,0,0,0,1,SHP,0,NULL,NULL,NULL
71,Productive Processing INC,P. O Box 608,,Black Earth,633,53515-0608,(877) 585-1131,,,NULL,0,0,NULL,0,NULL,0,0,0,NULL,0,202,NULL,0,NULL,0,0,0,0,0,0,0,0,0,0,8,NULL,1,0,NULL,NULL,0,0,,0,1,NULL,NULL,2,0,,0,0,0,0,0,0,0,0,0,0,0,0,0,0,0,0,0,0,0,0,0,0,0,0,,,,,1,1,1,2013-10-01 00:00:00.000,2015-03-13 00:00:00.000,2020-10-02 00:00:00.000,0,1,1,0,,1,0,0,0,0,1091,1080,0,0,0,0,1,PPI,0,NULL,NULL,NULL
72,ArchCAre Community LIfe,33 Irving Place,,New York,65,10003,(855) 467-9351,(855) 467-9351,,NULL,0,0,NULL,0,NULL,0,0,0,NULL,0,202,NULL,0,NULL,0,0,0,0,0,0,0,0,0,0,8,NULL,1,0,NULL,NULL,0,0,,0,1,NULL,NULL,2,0,,0,0,0,0,0,0,0,0,0,0,0,0,0,0,0,0,0,0,0,0,0,0,0,0,,,,,1,1,1,2013-11-29 00:00:00.000,2015-03-13 00:00:00.000,2023-11-29 00:00:00.000,0,1,1,0,,1,0,0,0,0,1091,1080,0,0,0,0,1,ACL,0,NULL,NULL,NULL
73,Nippon Life Insurance Co. of America,P.O. BOX 25951,,Shawnee Mission,606,66225-5951,(877) 518-0770,,,NULL,0,0,NULL,0,NULL,0,0,0,NULL,0,202,NULL,0,NULL,0,0,0,0,0,0,0,0,0,0,8,NULL,1,0,NULL,NULL,0,0,,0,1,NULL,NULL,2,0,,0,0,0,0,0,0,0,0,0,0,0,0,0,0,0,0,0,0,0,0,0,0,0,0,,,,,1,1,1,2015-01-08 00:00:00.000,2015-01-08 00:00:00.000,2025-01-08 00:00:00.000,0,1,1,0,,1,0,0,0,0,1091,1080,0,0,0,0,0,Nippon,0,NULL,NULL,NULL
74,"Allied Benefit Systems,iNC",P.O. BOX 909786-60690,,Chicago,603,60690,(855) 442-3477,,,NULL,0,0,NULL,0,NULL,0,0,0,NULL,0,202,NULL,0,NULL,0,0,0,0,0,0,0,0,0,0,3,NULL,1,0,NULL,NULL,0,0,,1,1,NULL,NULL,1,0,,0,0,0,0,0,0,0,0,0,0,0,0,0,0,0,0,0,0,0,0,0,0,0,0,,,,,1,1,1,2015-02-27 00:00:00.000,2019-02-20 00:00:00.000,2024-02-27 00:00:00.000,0,1,1,0,,1,0,0,0,0,1091,1112,0,0,1,0,1,ABS,0,NULL,NULL,NULL
75,Block Vision,111111,,1111111,65,11111,111111111,,,NULL,0,0,NULL,0,NULL,0,0,0,NULL,0,6,NULL,0,NULL,0,0,0,0,0,0,0,0,0,0,10,NULL,1,0,NULL,NULL,0,0,,1,0,NULL,NULL,2,0,,0,0,0,0,0,0,0,0,0,0,0,0,0,0,0,0,0,0,0,0,0,0,0,0,,,,,0,0,1,2011-12-23 00:00:00.000,2015-12-23 00:00:00.000,2024-12-23 00:00:00.000,0,1,1,0,,1,0,0,0,0,1091,0,0,0,0,0,0,Block ,0,NULL,NULL,NULL
76,TriCare For Life,P.O. BOX 7890,,Madison,633,53707,11111,,,NULL,0,0,NULL,0,NULL,0,0,0,NULL,0,202,NULL,0,NULL,0,0,0,0,0,0,0,0,0,0,10,NULL,1,0,NULL,NULL,0,0,,1,1,NULL,NULL,2,0,,0,0,0,0,0,0,0,0,0,0,0,0,0,0,0,0,0,0,0,0,0,0,0,0,,,,,0,1,1,2014-01-15 00:00:00.000,2016-01-15 00:00:00.000,2020-01-15 00:00:00.000,0,1,1,0,,1,0,0,0,0,1091,0,0,0,0,0,0,TFL,0,NULL,NULL,NULL
77,Eyequest,P.O. Box 527,,Thiensville,633,53092,111-1111,,,NULL,0,0,NULL,0,NULL,0,0,0,NULL,0,5,NULL,0,NULL,0,0,0,0,0,0,0,0,0,0,3,NULL,1,0,NULL,NULL,0,0,,0,1,NULL,NULL,2,0,,0,0,0,0,0,0,0,0,0,0,0,0,0,0,0,0,0,0,0,0,0,0,0,0,,,,,1,1,1,2014-05-01 00:00:00.000,2018-02-21 00:00:00.000,2026-05-19 00:00:00.000,0,1,1,0,,1,0,0,0,0,1091,0,0,0,0,0,0,Eyequest,0,NULL,NULL,NULL
78,Leading Edge Administrators,P.O. Box 188061,,Chattanoga,627,37422-8061,111111,,,NULL,0,0,NULL,0,NULL,0,0,0,NULL,0,202,NULL,0,NULL,0,0,0,0,0,0,0,0,0,0,10,NULL,1,0,NULL,NULL,0,0,,0,1,NULL,NULL,2,0,,0,0,0,0,0,0,0,0,0,0,0,0,0,0,0,0,0,0,0,0,0,0,0,0,,,,,1,1,1,2016-06-29 00:00:00.000,2016-09-29 00:00:00.000,2026-09-29 00:00:00.000,0,1,1,0,,1,0,0,0,0,1091,0,0,0,0,0,0,LEA,0,NULL,NULL,NULL
79,GEHA-ASA,P.O. BOX 981707,,EL PASO,378,79998-1707,(888) 257-4342,,,NULL,0,0,NULL,0,NULL,0,0,0,NULL,0,202,NULL,0,NULL,0,0,0,0,0,0,0,0,0,0,3,NULL,1,0,NULL,NULL,0,0,,0,1,NULL,NULL,2,0,,0,0,0,0,0,0,0,0,0,0,0,0,0,0,0,0,0,0,0,0,0,0,0,0,,,,,1,1,1,2015-11-02 00:00:00.000,2020-12-03 00:00:00.000,2026-12-02 00:00:00.000,0,1,1,0,,1,0,0,0,0,1091,0,0,0,0,0,0,GEHA-ASA,0,NULL,NULL,0
80,Oxford HSA Direct/Freedom,P.O. Box 29130 ,,Hot Springs,593,71903,(800) 666-1353,,,NULL,0,0,NULL,0,NULL,0,0,0,NULL,0,202,NULL,0,NULL,0,0,0,0,0,0,0,0,0,0,3,NULL,1,0,NULL,NULL,0,0,,0,1,NULL,NULL,2,0,,0,0,0,0,0,0,0,0,0,0,0,0,0,0,0,0,0,0,0,0,0,0,0,0,,,,,1,1,1,2017-09-01 00:00:00.000,2018-04-23 00:00:00.000,2026-09-28 00:00:00.000,0,1,1,0,,1,0,0,0,0,1091,0,0,0,0,0,0,OHD,0,NULL,NULL,NULL
81,Center Plan For Healthy Living,1564 Northeast Exspressway,Mail Stop HQ 2361,Atlanta,600,30329,111111111,,,NULL,0,0,NULL,0,NULL,0,0,0,NULL,0,202,NULL,0,NULL,0,0,0,0,0,0,0,0,0,0,3,NULL,1,0,NULL,NULL,0,0,,0,1,NULL,NULL,2,0,,0,0,0,0,0,0,0,0,0,0,0,0,0,0,0,0,0,0,0,0,0,0,0,0,Center Plan,,,,1,1,1,2018-03-01 00:00:00.000,2018-05-23 00:00:00.000,2028-05-17 00:00:00.000,0,1,1,0,,1,0,0,0,0,1091,0,0,0,1,0,0,Relay ,0,NULL,NULL,NULL
82,ILS-Guildnet,P.O Box 211685,,Eagan,612,55121,(888) 848-7505,,,NULL,0,0,NULL,0,NULL,0,0,0,NULL,0,201,NULL,0,NULL,0,0,0,0,0,0,0,0,0,0,3,NULL,1,0,NULL,NULL,0,0,,1,1,NULL,NULL,2,0,,0,0,0,0,0,0,0,0,0,0,0,0,0,0,0,0,0,0,0,0,0,0,0,0,,,,,1,1,1,2018-06-01 00:00:00.000,2018-05-23 00:00:00.000,2028-05-23 00:00:00.000,0,1,1,0,,1,0,0,0,0,1091,0,0,0,1,0,0,ILS,0,NULL,NULL,NULL
83,National Vision Adminstration,111111,,1111,65,11111,11111111,,,NULL,0,0,NULL,0,NULL,0,0,0,NULL,0,200,NULL,0,NULL,0,0,0,0,0,0,0,0,0,0,8,NULL,1,0,NULL,NULL,0,0,,1,1,NULL,NULL,2,0,,0,0,0,0,0,0,0,0,0,0,0,0,0,0,0,0,0,0,0,0,0,0,0,0,,,,,1,1,1,2019-02-04 00:00:00.000,2019-02-05 00:00:00.000,2028-02-05 00:00:00.000,0,1,1,0,,1,0,0,0,0,1091,0,0,0,1,0,0,NVA,0,NULL,NULL,NULL
84,Total Plan Concepts,P.O. Box 9763,,Arnold,294,21012,(877) 435-2063,,,NULL,0,0,NULL,0,NULL,0,0,0,NULL,0,201,NULL,0,NULL,0,0,0,0,0,0,0,0,0,0,3,NULL,1,0,NULL,NULL,0,0,,1,1,NULL,NULL,2,0,,0,0,0,0,0,0,0,0,0,0,0,0,0,0,0,0,0,0,0,0,0,0,0,0,,,,,1,1,1,2019-06-01 00:00:00.000,2019-06-26 00:00:00.000,2027-06-26 00:00:00.000,0,1,1,0,,1,0,0,0,0,1091,0,0,0,1,0,0,TPC,0,NULL,NULL,NULL
85,Humana Claims,P.O. Box 14601,,Lexington,607,40512,11111111,,,NULL,0,0,NULL,0,NULL,0,0,0,NULL,0,202,NULL,0,NULL,0,0,0,0,0,0,0,0,0,0,3,NULL,1,0,NULL,NULL,0,0,,0,1,NULL,NULL,2,0,,0,0,0,0,0,0,0,0,0,0,0,0,0,0,0,0,0,0,0,0,0,0,0,0,,,,,1,1,1,2019-08-04 00:00:00.000,2020-07-28 00:00:00.000,2028-08-05 00:00:00.000,0,1,1,0,,1,0,0,0,0,1091,1112,0,0,1,0,0,Humana ,0,NULL,NULL,0
86,Anthem,PO BOX 1407,,New York,65,100081407,11111111,,,NULL,0,0,NULL,0,NULL,0,0,0,NULL,0,202,NULL,0,NULL,0,0,0,0,0,0,0,0,0,0,3,NULL,1,0,NULL,NULL,0,0,,1,0,NULL,NULL,2,0,,0,0,0,0,0,0,0,0,0,0,0,0,0,0,0,0,0,0,0,0,0,0,0,0,,,,,0,0,1,2019-06-02 00:00:00.000,2019-10-02 00:00:00.000,2029-10-02 00:00:00.000,0,1,1,0,,1,0,0,0,0,1091,0,0,0,0,0,0,Anthem,0,NULL,NULL,NULL
87,Lifestyle Health Plans,345 N. Riverview,Suite 600,Wichita,606,67203,(844) 643-5104,,,NULL,0,0,NULL,0,NULL,0,0,0,NULL,0,202,NULL,0,NULL,0,0,0,0,0,0,0,0,0,0,3,NULL,1,0,NULL,NULL,0,0,,0,1,NULL,NULL,2,0,,0,0,0,0,0,0,0,0,0,0,0,0,0,0,0,0,0,0,0,0,0,0,0,0,,,,,1,1,1,2019-11-01 00:00:00.000,2019-11-14 00:00:00.000,2028-11-14 00:00:00.000,0,1,1,0,,1,0,0,0,0,1091,0,0,0,1,0,0,LHP,0,NULL,NULL,0
88,Allegiance ,P.O.BOX 186061,,Chattanooga,627,37422-8061,111111111,,,NULL,0,0,NULL,0,NULL,0,0,0,NULL,0,202,NULL,0,NULL,0,0,0,0,0,0,0,0,0,0,3,NULL,1,0,NULL,NULL,0,0,,0,1,NULL,NULL,2,0,,0,0,0,0,0,0,0,0,0,0,0,0,0,0,0,0,0,0,0,0,0,0,0,0,,,,,1,1,1,2020-07-23 00:00:00.000,2020-07-24 00:00:00.000,2029-07-24 00:00:00.000,0,1,1,0,,1,0,0,0,0,1091,0,0,0,0,0,0,Allegian,0,NULL,NULL,0
89,BRMS,80 IRON POINT CIR,STE 200,FOLSOM,56,92530-8593,11111,,,NULL,0,0,NULL,0,NULL,0,0,0,NULL,0,202,NULL,0,NULL,0,0,0,0,0,0,0,0,0,0,10,NULL,1,0,NULL,NULL,0,0,,0,1,NULL,NULL,2,0,,0,0,0,0,0,0,0,0,0,0,0,0,0,0,0,0,0,0,0,0,0,0,0,0,,,,,1,1,1,2021-09-02 00:00:00.000,2021-09-04 00:00:00.000,2030-09-04 00:00:00.000,0,1,1,0,,1,0,0,0,0,1091,0,0,0,1,0,0,BRMS,0,NULL,NULL,0
